episode/actions_up,train/loss,train/buffer_size,episode/action_all,episode/actions_neutral,train/grad_norm,_step,episode/goal_reward,episode/clipped_reward,train/episode,_runtime,_timestamp,train/epsilon,episode/total_reward,train/learning_rate,episode/actions_down,episode/tracking_reward,run_id,run_name,group
,0.26644468307495117,3084,,,1.0843135421696306,3092.0,,,0,39.863136477,1787933086.8532364,0.9998044266666667,,0.0003,,,lqz1noyb,good-sweep-1,baseline_sparse
,0.01592428982257843,3596,,,0.08935943483567722,3608.0,,,2,53.531404678,1787933100.5318441,0.9997717466666667,,0.0003,,,lqz1noyb,good-sweep-1,baseline_sparse
,0.014645092189311981,23480,,,0.0069062669261852755,23536.0,,,24,554.904342671,1787933601.9003456,0.99850964,,0.0003,,,lqz1noyb,good-sweep-1,baseline_sparse
,0.04030761122703552,30000,,,0.019920933326916718,34672.0,,,36,829.803702691,1787933876.8030694,0.9978043600000001,,0.0003,,,lqz1noyb,good-sweep-1,baseline_sparse
,0.05408954620361328,30000,,,0.026393966284047738,45820.0,,,46,1112.373551878,1787934159.3876874,0.99709832,,0.0003,,,lqz1noyb,good-sweep-1,baseline_sparse
,0.05139242857694626,30000,,,0.014603689335548613,53152.0,,,53,1297.193733061,1787934344.1553464,0.99663396,,0.0003,,,lqz1noyb,good-sweep-1,baseline_sparse
,0.042372338473796844,30000,,,0.04728587934638657,61472.0,,,62,1506.31183867,1787934553.3118343,0.9961070266666666,,0.0003,,,lqz1noyb,good-sweep-1,baseline_sparse
,0.04972422122955322,30000,,,0.029023233147904944,96892.0,,,100,2394.004184156,1787935441.0065012,0.99386376,,0.0003,,,lqz1noyb,good-sweep-1,baseline_sparse
,0.048193156719207764,30000,,,0.026439732732593587,134520.0,,,142,3340.013052273,1787936387.0110161,0.9914806533333334,,0.0003,,,lqz1noyb,good-sweep-1,baseline_sparse
,0.059046924114227295,30000,,,0.05104202125302711,137224.0,,,144,3408.003441386,1787936455.0171905,0.9913094,,0.0003,,,lqz1noyb,good-sweep-1,baseline_sparse
,0.04401620104908943,30000,,,0.034780312922463634,180336.0,,,192,4483.779927605,1787937530.7845209,0.9885789733333333,,0.0003,,,lqz1noyb,good-sweep-1,baseline_sparse
,0.05008253455162048,30000,,,0.015890228462241147,190152.0,,,203,4729.8159627000005,1787937776.806548,0.9879572933333334,,0.0003,,,lqz1noyb,good-sweep-1,baseline_sparse
,0.04932331666350365,30000,,,0.012062396170965094,207760.0,,,221,5169.627636571,1787938216.6242008,0.9868421199999999,,0.0003,,,lqz1noyb,good-sweep-1,baseline_sparse
,0.045075103640556335,30000,,,0.021357801369353117,219084.0,,,232,5454.101724055,1787938501.101348,0.9861249333333333,,0.0003,,,lqz1noyb,good-sweep-1,baseline_sparse
,0.04616924375295639,30000,,,0.007790543888192346,224348.0,,,239,5585.338101315,1787938632.3380296,0.9857915466666666,,0.0003,,,lqz1noyb,good-sweep-1,baseline_sparse
,0.04802918806672096,30000,,,0.04161559959118975,242208.0,,,258,6033.01924307,1787939080.0420346,0.9846604133333334,,0.0003,,,lqz1noyb,good-sweep-1,baseline_sparse
,0.04317739978432655,30000,,,0.031896771580311185,246884.0,,,263,6150.678614271,1787939197.6744573,0.9843642666666668,,0.0003,,,lqz1noyb,good-sweep-1,baseline_sparse
,0.04594239592552185,30000,,,0.018388941187817677,248260.0,,,264,6184.724092357,1787939231.7242537,0.98427712,,0.0003,,,lqz1noyb,good-sweep-1,baseline_sparse
,0.06429732590913773,30000,,,0.09585433735411426,254656.0,,,271,6343.148406159,1787939390.138119,0.98387204,,0.0003,,,lqz1noyb,good-sweep-1,baseline_sparse
,0.04526318982243538,30000,,,0.015777305016853857,271068.0,,,290,6754.01270271,1787939801.0310652,0.9828326133333334,,0.0003,,,lqz1noyb,good-sweep-1,baseline_sparse
,0.043123453855514526,30000,,,0.047400364429892025,286852.0,,,307,7143.39114663,1787940190.3888738,0.98183296,,0.0003,,,lqz1noyb,good-sweep-1,baseline_sparse
,0.03427204117178917,30000,,,0.03381478551127424,313852.0,,,337,7817.703140393,1787940864.698751,0.98012296,,0.0003,,,lqz1noyb,good-sweep-1,baseline_sparse
,0.04641800373792648,30000,,,0.039375037818413415,327224.0,,,352,8153.941100639,1787941200.9415107,0.9792760666666667,,0.0003,,,lqz1noyb,good-sweep-1,baseline_sparse
,0.04370793327689171,30000,,,0.02578918788228341,363460.0,,,391,9057.45947378,1787942104.4107714,0.97698112,,0.0003,,,lqz1noyb,good-sweep-1,baseline_sparse
,0.04892152175307274,30000,,,0.03400097241216689,368716.0,,,395,9189.098049507,1787942236.0975258,0.9766482400000001,,0.0003,,,lqz1noyb,good-sweep-1,baseline_sparse
,0.041825681924819946,30000,,,0.06148652809275626,394808.0,,,423,9843.316854907,1787942890.3219166,0.9749957466666667,,0.0003,,,lqz1noyb,good-sweep-1,baseline_sparse
,0.05323324725031853,30000,,,0.06242759224296723,408672.0,,,437,10192.058767951,1787943239.013685,0.9741176933333333,,0.0003,,,lqz1noyb,good-sweep-1,baseline_sparse
,0.03748504817485809,30000,,,0.06543112244714996,417520.0,,,446,10412.449546557,1787943459.445554,0.97355732,,0.0003,,,lqz1noyb,good-sweep-1,baseline_sparse
,0.05315840616822243,30000,,,0.014967826400999905,475748.0,,,509,11873.718888794,1787944920.7174146,0.9698695466666666,,0.0003,,,lqz1noyb,good-sweep-1,baseline_sparse
,0.03938038647174835,30000,,,0.056739467084416455,487032.0,,,521,12157.461430174,1787945204.4138832,0.9691548933333334,,0.0003,,,lqz1noyb,good-sweep-1,baseline_sparse
,0.05696510523557663,30000,,,0.12168257338633455,521712.0,,,559,13024.051123914,1787946071.0595095,0.9669584933333334,,0.0003,,,lqz1noyb,good-sweep-1,baseline_sparse
,0.04216359555721283,30000,,,0.0322390477987998,522848.0,,,560,13052.333144343,1787946099.3329923,0.9668865466666667,,0.0003,,,lqz1noyb,good-sweep-1,baseline_sparse
,0.05091715231537819,30000,,,0.042718448400864,536260.0,,,574,13390.342617744,1787946437.3445642,0.9660371200000001,,0.0003,,,lqz1noyb,good-sweep-1,baseline_sparse
,0.042399197816848755,30000,,,0.08553616631957874,537260.0,,,576,13415.380387843,1787946462.374615,0.9659737866666667,,0.0003,,,lqz1noyb,good-sweep-1,baseline_sparse
,0.05530943349003792,30000,,,0.032040992219636695,547112.0,,,586,13662.935199398,1787946709.933697,0.9653498266666667,,0.0003,,,lqz1noyb,good-sweep-1,baseline_sparse
,0.04929615929722786,30000,,,0.03740708957140307,574400.0,,,616,14347.393110967,1787947394.3934393,0.9636215866666666,,0.0003,,,lqz1noyb,good-sweep-1,baseline_sparse
,0.040526725351810455,30000,,,0.016712262374909203,590056.0,,,633,14743.515590841,1787947790.5326476,0.9626300400000001,,0.0003,,,lqz1noyb,good-sweep-1,baseline_sparse
,0.04569794982671738,30000,,,0.045278030014470436,593228.0,,,635,14824.595243687,1787947871.5923126,0.9624291466666667,,0.0003,,,lqz1noyb,good-sweep-1,baseline_sparse
,0.051200345158576965,30000,,,0.04680118979477838,604672.0,,,649,15110.939438414,1787948157.9318244,0.96170436,,0.0003,,,lqz1noyb,good-sweep-1,baseline_sparse
,0.05053342878818512,30000,,,0.05163973686497402,606784.0,,,651,15164.819384744,1787948211.817504,0.9615705999999999,,0.0003,,,lqz1noyb,good-sweep-1,baseline_sparse
,0.04332929104566574,30000,,,0.13182722148018655,673024.0,,,723,16819.848500195,1787949866.8421137,0.9573754,,0.0003,,,lqz1noyb,good-sweep-1,baseline_sparse
,0.044796064496040344,30000,,,0.03432177113957462,692368.0,,,743,17302.450437754,1787950349.4484034,0.95615028,,0.0003,,,lqz1noyb,good-sweep-1,baseline_sparse
,0.04668491333723068,30000,,,0.013862958906994337,694808.0,,,746,17364.285434316,1787950411.2896779,0.9559957466666666,,0.0003,,,lqz1noyb,good-sweep-1,baseline_sparse
,0.05023263394832611,30000,,,0.021628268543102385,696040.0,,,747,17395.461098162,1787950442.4122407,0.9559177200000001,,0.0003,,,lqz1noyb,good-sweep-1,baseline_sparse
,0.04577922821044922,30000,,,0.038232844576099184,705760.0,,,757,17640.073789756,1787950687.0254135,0.9553021199999999,,0.0003,,,lqz1noyb,good-sweep-1,baseline_sparse
,0.05158849433064461,30000,,,0.027197556951656533,706676.0,,,760,17662.571209308,1787950709.5731237,0.9552441066666667,,0.0003,,,lqz1noyb,good-sweep-1,baseline_sparse
,0.04047008976340294,30000,,,0.033898924600103145,732764.0,,,787,18313.550941797,1787951360.5501897,0.9535918666666666,,0.0003,,,lqz1noyb,good-sweep-1,baseline_sparse
,0.05252673104405403,30000,,,0.02916589917523276,755576.0,,,812,18887.504870014,1787951934.5047288,0.9521471066666667,,0.0003,,,lqz1noyb,good-sweep-1,baseline_sparse
,0.045387253165245056,30000,,,0.022765141498090703,823564.0,,,886,20601.539873683,1787953648.5382977,0.9478412,,0.0003,,,lqz1noyb,good-sweep-1,baseline_sparse
,0.05449742451310158,30000,,,0.10823128064202722,829876.0,,,894,20760.025240615,1787953807.040352,0.9474414400000001,,0.0003,,,lqz1noyb,good-sweep-1,baseline_sparse
,0.05255703255534172,30000,,,0.06703363433290781,836240.0,,,901,20918.992003188,1787953965.9913497,0.9470383866666666,,0.0003,,,lqz1noyb,good-sweep-1,baseline_sparse
,0.04924831539392471,30000,,,0.06492703681961312,839960.0,,,905,21012.773338747,1787954059.7693286,0.9468027866666666,,0.0003,,,lqz1noyb,good-sweep-1,baseline_sparse
,0.04943106323480606,30000,,,0.04946109746908097,840824.0,,,905,21033.038706803,1787954080.0409563,0.9467480666666667,,0.0003,,,lqz1noyb,good-sweep-1,baseline_sparse
,0.05540814250707626,30000,,,0.0695730466227878,884152.0,,,952,22123.967154332,1787955170.9599807,0.94400396,,0.0003,,,lqz1noyb,good-sweep-1,baseline_sparse
,0.052517153322696686,30000,,,0.03199658712977531,897952.0,,,965,22472.821507627,1787955519.8172734,0.94312996,,0.0003,,,lqz1noyb,good-sweep-1,baseline_sparse
,0.04508613049983978,30000,,,0.03150129696875604,909052.0,,,977,22752.829855389,1787955799.8314424,0.94242696,,0.0003,,,lqz1noyb,good-sweep-1,baseline_sparse
,0.05620811879634857,30000,,,0.021992135125617505,910004.0,,,979,22776.966000937,1787955823.977318,0.9423666666666667,,0.0003,,,lqz1noyb,good-sweep-1,baseline_sparse
,0.05748618394136429,30000,,,0.09395693182029215,955224.0,,,1029,23916.718237986,1787956963.7208009,0.9395027333333333,,0.0003,,,lqz1noyb,good-sweep-1,baseline_sparse
,0.05513306334614754,30000,,,0.028797811337582486,971112.0,,,1045,24319.072514071,1787957366.0667963,0.9384964933333334,,0.0003,,,lqz1noyb,good-sweep-1,baseline_sparse
,0.0524289533495903,30000,,,0.033744398262205676,985180.0,,,1060,24672.6941133,1787957719.6868474,0.93760552,,0.0003,,,lqz1noyb,good-sweep-1,baseline_sparse
,0.05985771864652634,30000,,,0.05197931817357656,1011772.0,,,1089,25342.888739765,1787958389.8825908,0.9359213599999999,,0.0003,,,lqz1noyb,good-sweep-1,baseline_sparse
,0.04358582943677902,30000,,,0.04709989342548842,1022076.0,,,1099,25600.08154052,1787958647.0744407,0.9352687733333334,,0.0003,,,lqz1noyb,good-sweep-1,baseline_sparse
,0.04704446718096733,30000,,,0.02536836841516542,1025896.0,,,1104,25696.197111527,1787958743.1945164,0.93502684,,0.0003,,,lqz1noyb,good-sweep-1,baseline_sparse
,0.050064053386449814,30000,,,0.021960706689977585,1040224.0,,,1120,26056.07224883,1787959103.0705147,0.9341194,,0.0003,,,lqz1noyb,good-sweep-1,baseline_sparse
,0.05692298337817192,30000,,,0.13191074082477242,1063876.0,,,1145,26650.653435104,1787959697.6544743,0.93262144,,0.0003,,,lqz1noyb,good-sweep-1,baseline_sparse
,0.0564892441034317,30000,,,0.03143486201569248,1073584.0,,,1155,26895.110805602,1787959942.111236,0.9320066,,0.0003,,,lqz1noyb,good-sweep-1,baseline_sparse
,0.04462962597608566,30000,,,0.056342123559363154,1082812.0,,,1166,27126.184464906,1787960173.18419,0.93142216,,0.0003,,,lqz1noyb,good-sweep-1,baseline_sparse
,0.053259365260601044,30000,,,0.05628978232630101,1091476.0,,,1176,27342.988994137,1787960389.9922197,0.93087344,,0.0003,,,lqz1noyb,good-sweep-1,baseline_sparse
,0.053582146763801575,30000,,,0.0401705508234862,1112088.0,,,1198,27860.623724004,1787960907.6239202,0.9295680133333334,,0.0003,,,lqz1noyb,good-sweep-1,baseline_sparse
,0.045274246484041214,30000,,,0.11171763183525102,1141352.0,,,1230,28596.719813194,1787961643.7226307,0.9277146266666667,,0.0003,,,lqz1noyb,good-sweep-1,baseline_sparse
,0.0471462644636631,30000,,,0.11557976780476992,1151916.0,,,1240,28859.314167802,1787961906.3298807,0.9270455733333334,,0.0003,,,lqz1noyb,good-sweep-1,baseline_sparse
,0.044577326625585556,30000,,,0.08129854466449737,1190368.0,,,1283,29822.103435054,1787962869.1099334,0.92461028,,0.0003,,,lqz1noyb,good-sweep-1,baseline_sparse
,0.06553134322166443,30000,,,0.08438920449866633,1210508.0,,,1304,30321.598862089,1787963368.589277,0.9233347466666667,,0.0003,,,lqz1noyb,good-sweep-1,baseline_sparse
,0.049447186291217804,30000,,,0.023327020414523943,1239460.0,,,1335,31048.154378364,1787964095.1537495,0.9215011200000001,,0.0003,,,lqz1noyb,good-sweep-1,baseline_sparse
,0.042009130120277405,30000,,,0.020393460395525916,1271112.0,,,1370,31839.712218992,1787964886.7087827,0.9194964933333334,,0.0003,,,lqz1noyb,good-sweep-1,baseline_sparse
,0.057230859994888306,30000,,,0.1130610898484251,1274328.0,,,1374,31920.892274788,1787964967.919568,0.9192928133333333,,0.0003,,,lqz1noyb,good-sweep-1,baseline_sparse
,0.0534365251660347,30000,,,0.051094454019551885,1304020.0,,,1406,32667.897243559,1787965714.8911037,0.9174123200000001,,0.0003,,,lqz1noyb,good-sweep-1,baseline_sparse
131.0,0.05713607743382454,30000,785.0,531.0,0.030166001761998504,1310932.0,-20.0,-1.0,1413,32839.182804139,1787965886.1844285,0.91697456,-20.0,0.0003,123.0,0.0,lqz1noyb,good-sweep-1,baseline_sparse
,0.05305761471390724,30000,,,0.06126894762572797,1311820.0,,,1414,32860.899709042,1787965907.8996232,0.91691832,,0.0003,,,lqz1noyb,good-sweep-1,baseline_sparse
,0.04045923054218292,30000,,,0.1335340460044414,1387184.0,,,1496,34743.193566626,1787967790.1424189,0.9121452666666666,,0.0003,,,lqz1noyb,good-sweep-1,baseline_sparse
,0.04988422989845276,30000,,,0.053317212175591176,1472756.0,,,1589,36879.75971578,1787969926.760074,0.9067257066666666,,0.0003,,,lqz1noyb,good-sweep-1,baseline_sparse
,0.04108100384473801,30000,,,0.009865911092346462,1478068.0,,,1594,37012.708902316,1787970059.7126458,0.90638928,,0.0003,,,lqz1noyb,good-sweep-1,baseline_sparse
,0.04929562658071518,30000,,,0.017687933284550005,1520372.0,,,1643,38067.807693055,1787971114.8061697,0.9037100266666667,,0.0003,,,lqz1noyb,good-sweep-1,baseline_sparse
,0.05771949887275696,30000,,,0.09891225564172837,1571944.0,,,1701,39350.361559617,1787972397.3798153,0.9004438,,0.0003,,,lqz1noyb,good-sweep-1,baseline_sparse
,0.05976100265979767,30000,,,0.03865259695466188,1584248.0,,,1715,39656.856415578,1787972703.8657105,0.8996645466666666,,0.0003,,,lqz1noyb,good-sweep-1,baseline_sparse
,0.04633262753486633,30000,,,0.01878469432964154,1589024.0,,,1719,39776.224538188,1787972823.2258637,0.8993620666666667,,0.0003,,,lqz1noyb,good-sweep-1,baseline_sparse
,0.06356412172317505,30000,,,0.10694684905286599,1603184.0,,,1735,40128.994458748,1787973175.9934866,0.8984652666666667,,0.0003,,,lqz1noyb,good-sweep-1,baseline_sparse
,0.05640600249171257,30000,,,0.08409543235617424,1623300.0,,,1758,40632.678365593,1787973679.677699,0.8971912533333333,,0.0003,,,lqz1noyb,good-sweep-1,baseline_sparse
,0.05172191932797432,30000,,,0.0729801715878373,1630084.0,,,1766,40800.081964608,1787973847.080685,0.8967616,,0.0003,,,lqz1noyb,good-sweep-1,baseline_sparse
,0.05493169277906418,30000,,,0.026078373945677157,1650984.0,,,1788,41320.520280711,1787974367.5212138,0.8954379333333333,,0.0003,,,lqz1noyb,good-sweep-1,baseline_sparse
,0.05472371354699135,30000,,,0.04496695107018775,1657076.0,,,1796,41471.032418327,1787974518.0336905,0.8950521066666667,,0.0003,,,lqz1noyb,good-sweep-1,baseline_sparse
,0.06582444906234741,30000,,,0.04298503230777149,1670536.0,,,1809,41805.722506404,1787974852.7144458,0.89419964,,0.0003,,,lqz1noyb,good-sweep-1,baseline_sparse
,0.04182559251785278,30000,,,0.03383251504191731,1690068.0,,,1829,42290.281615169,1787975337.2781253,0.8929626133333334,,0.0003,,,lqz1noyb,good-sweep-1,baseline_sparse
,0.049676936119794846,30000,,,0.029421830730536086,1723920.0,,,1866,43135.607221742,1787976182.6155329,0.8908186533333334,,0.0003,,,lqz1noyb,good-sweep-1,baseline_sparse
,0.05365728586912155,30000,,,0.03767507833287355,1739064.0,,,1883,43512.160839548,1787976559.1718373,0.8898595333333333,,0.0003,,,lqz1noyb,good-sweep-1,baseline_sparse
,0.052521731704473495,30000,,,0.02747004916904683,1756232.0,,,1902,43941.302752912,1787976988.2539563,0.8887722266666667,,0.0003,,,lqz1noyb,good-sweep-1,baseline_sparse
,0.05697894096374512,30000,,,0.028220121838464805,1796380.0,,,1944,44941.640474539,1787977988.6328661,0.88622952,,0.0003,,,lqz1noyb,good-sweep-1,baseline_sparse
,0.05316613242030144,30000,,,0.02988440151866742,1830384.0,,,1981,45789.266507849,1787978836.2591636,0.8840759333333333,,0.0003,,,lqz1noyb,good-sweep-1,baseline_sparse
,0.054168760776519775,30000,,,0.10345109304119066,1844188.0,,,1996,46135.277302572,1787979182.2770064,0.88320168,,0.0003,,,lqz1noyb,good-sweep-1,baseline_sparse
,0.04382719844579697,30000,,,0.028713816640858564,1849324.0,,,2002,46264.549097273,1787979311.5511804,0.8828764,,0.0003,,,lqz1noyb,good-sweep-1,baseline_sparse
,0.05495414510369301,30000,,,0.07294801061975913,1875532.0,,,2031,46918.939350595,1787979965.91539,0.88121656,,0.0003,,,lqz1noyb,good-sweep-1,baseline_sparse
,0.0548943430185318,30000,,,0.025175334920268765,1891936.0,,,2048,47324.935915551,1787980371.9243212,0.88017764,,0.0003,,,lqz1noyb,good-sweep-1,baseline_sparse
,0.047349512577056885,30000,,,0.04337771611919665,1896432.0,,,2052,47437.064752121,1787980484.064137,0.8798928933333333,,0.0003,,,lqz1noyb,good-sweep-1,baseline_sparse
,0.04991518706083298,30000,,,0.039445948312843086,1901084.0,,,2059,47553.852837071,1787980600.853975,0.8795982666666666,,0.0003,,,lqz1noyb,good-sweep-1,baseline_sparse
,0.042282283306121826,30000,,,0.03620371233763709,1901376.0,,,2059,47560.491586643,1787980607.4835854,0.8795797733333334,,0.0003,,,lqz1noyb,good-sweep-1,baseline_sparse
,0.05437475070357323,30000,,,0.1310724878763236,1916308.0,,,2076,47932.788313633,1787980979.789955,0.87863408,,0.0003,,,lqz1noyb,good-sweep-1,baseline_sparse
,0.0494096577167511,30000,,,0.02301840762022856,1928760.0,,,2087,48243.015265335,1787981290.01364,0.8778454533333334,,0.0003,,,lqz1noyb,good-sweep-1,baseline_sparse
,0.050522349774837494,30000,,,0.022064581739466002,1973436.0,,,2136,49347.445988212,1787982394.4462416,0.8750159733333334,,0.0003,,,lqz1noyb,good-sweep-1,baseline_sparse
,0.053223706781864166,30000,,,0.0402006484866365,1982072.0,,,2146,49563.802883093,1787982610.8020184,0.8744690266666666,,0.0003,,,lqz1noyb,good-sweep-1,baseline_sparse
,0.054628320038318634,30000,,,0.04929786726997471,2000704.0,,,2167,50025.9008371,1787983072.8673372,0.873289,,0.0003,,,lqz1noyb,good-sweep-1,baseline_sparse
,0.06093920022249222,30000,,,0.030360373219027743,2003952.0,,,2172,50106.760274439,1787983153.7629256,0.8730832933333333,,0.0003,,,lqz1noyb,good-sweep-1,baseline_sparse
,0.05914704501628876,30000,,,0.04268825706550855,2077988.0,,,2256,51940.618326772,1787984987.6094565,0.8683943466666667,,0.0003,,,lqz1noyb,good-sweep-1,baseline_sparse
,0.04800647497177124,30000,,,0.09632544992741962,2091464.0,,,2270,52275.439062106,1787985322.4392266,0.8675408666666666,,0.0003,,,lqz1noyb,good-sweep-1,baseline_sparse
,0.042147472500801086,30000,,,0.08007040397662743,2094696.0,,,2273,52355.119404351,1787985402.1419246,0.8673361733333333,,0.0003,,,lqz1noyb,good-sweep-1,baseline_sparse
,0.06687471270561218,30000,,,0.09226059922669065,2111904.0,,,2293,52781.602579071,1787985828.6022627,0.8662463333333333,,0.0003,,,lqz1noyb,good-sweep-1,baseline_sparse
,0.05631919205188751,30000,,,0.08934800437681921,2118928.0,,,2301,52954.232430481,1787986001.2321253,0.86580148,,0.0003,,,lqz1noyb,good-sweep-1,baseline_sparse
,0.046089623123407364,30000,,,0.10748424777786372,2147856.0,,,2333,53671.05876177,1787986718.0509758,0.8639693733333333,,0.0003,,,lqz1noyb,good-sweep-1,baseline_sparse
,0.05912162363529205,30000,,,0.03687864417073633,2236152.0,,,2432,55854.244872435,1787988901.2493322,0.8583772933333333,,0.0003,,,lqz1noyb,good-sweep-1,baseline_sparse
,0.04442698135972023,30000,,,0.03522048477253424,2285916.0,,,2488,57094.114816713,1787990141.1144001,0.8552255733333334,,0.0003,,,lqz1noyb,good-sweep-1,baseline_sparse
,0.0626000240445137,30000,,,0.10935835138291387,2288168.0,,,2491,57150.258966184,1787990197.277125,0.8550829466666667,,0.0003,,,lqz1noyb,good-sweep-1,baseline_sparse
,0.058591797947883606,30000,,,0.023558239140573988,2334276.0,,,2543,58293.284816067,1787991340.2885184,0.8521627733333333,,0.0003,,,lqz1noyb,good-sweep-1,baseline_sparse
,0.05504923313856125,30000,,,0.043330732449449585,2343432.0,,,2554,58521.666955175,1787991568.6672487,0.8515828933333334,,0.0003,,,lqz1noyb,good-sweep-1,baseline_sparse
,0.05125471204519272,30000,,,0.07946833377473599,2358280.0,,,2569,58889.011296656,1787991936.013301,0.8506425200000001,,0.0003,,,lqz1noyb,good-sweep-1,baseline_sparse
,0.048519499599933624,30000,,,0.09205137642186924,2376116.0,,,2588,59330.499632122,1787992377.490503,0.8495129066666667,,0.0003,,,lqz1noyb,good-sweep-1,baseline_sparse
,0.05117280036211014,30000,,,0.058713325759346756,2381508.0,,,2595,59464.436294508,1787992511.4399683,0.8491714133333333,,0.0003,,,lqz1noyb,good-sweep-1,baseline_sparse
,0.04171472042798996,30000,,,0.018459405285862603,2403492.0,,,2619,60010.78238125,1787993057.7825913,0.8477790933333333,,0.0003,,,lqz1noyb,good-sweep-1,baseline_sparse
,0.0530102476477623,30000,,,0.03649264729228917,2405048.0,,,2621,60049.435833915,1787993096.436508,0.8476805466666667,,0.0003,,,lqz1noyb,good-sweep-1,baseline_sparse
,0.046909645199775696,30000,,,0.026743221160937903,2424768.0,,,2643,60541.420593619,1787993588.42229,0.8464316133333333,,0.0003,,,lqz1noyb,good-sweep-1,baseline_sparse
,0.04581360146403313,30000,,,0.0850111130752003,2473644.0,,,2697,61756.009716997,1787994803.0101757,0.8433361333333333,,0.0003,,,lqz1noyb,good-sweep-1,baseline_sparse
,0.04003433138132095,30000,,,0.1460744372974677,2503848.0,,,2732,62506.937674848,1787995553.9375226,0.8414232133333334,,0.0003,,,lqz1noyb,good-sweep-1,baseline_sparse
,0.04936704784631729,30000,,,0.018055178738212215,2615460.0,,,2860,65280.19824725,1787998327.198259,0.8343544533333334,,0.0003,,,lqz1noyb,good-sweep-1,baseline_sparse
,0.04516761749982834,30000,,,0.031627337997992735,2616868.0,,,2861,65315.580859194,1787998362.5804875,0.83426528,,0.0003,,,lqz1noyb,good-sweep-1,baseline_sparse
,0.05551569163799286,30000,,,0.020617852866471907,2640828.0,,,2889,65909.677662147,1787998956.6779077,0.8327478133333334,,0.0003,,,lqz1noyb,good-sweep-1,baseline_sparse
,0.04414181411266327,30000,,,0.10681532563742266,2651708.0,,,2902,66181.25796135,1787999228.2568767,0.8320587466666667,,0.0003,,,lqz1noyb,good-sweep-1,baseline_sparse
,0.049514710903167725,30000,,,0.03663793744622658,2653844.0,,,2905,66234.528129967,1787999281.52233,0.8319234666666667,,0.0003,,,lqz1noyb,good-sweep-1,baseline_sparse
,0.06831036508083344,30000,,,0.024645517459331415,2668540.0,,,2920,66600.250432728,1787999647.242398,0.83099272,,0.0003,,,lqz1noyb,good-sweep-1,baseline_sparse
,0.057001348584890366,30000,,,0.0399104234711508,2687908.0,,,2943,67084.466682319,1788000131.468658,0.8297660800000001,,0.0003,,,lqz1noyb,good-sweep-1,baseline_sparse
,0.039735257625579834,30000,,,0.06716460366076338,2744284.0,,,3004,68485.985362816,1788001532.9926622,0.8261956,,0.0003,,,lqz1noyb,good-sweep-1,baseline_sparse
,0.04466108977794647,30000,,,0.0519367305286443,2750988.0,,,3011,68652.692948662,1788001699.693793,0.8257710133333334,,0.0003,,,lqz1noyb,good-sweep-1,baseline_sparse
,0.05032149702310562,30000,,,0.03991647463507793,2755704.0,,,3016,68769.637309533,1788001816.6398485,0.8254723333333334,,0.0003,,,lqz1noyb,good-sweep-1,baseline_sparse
,0.05298015475273132,30000,,,0.03500105974696335,2797956.0,,,3064,69820.983664637,1788002867.975072,0.8227963733333333,,0.0003,,,lqz1noyb,good-sweep-1,baseline_sparse
,0.053597137331962585,30000,,,0.028462258881570068,2804644.0,,,3072,69987.785040382,1788003034.7877572,0.8223728,,0.0003,,,lqz1noyb,good-sweep-1,baseline_sparse
,0.054426006972789764,30000,,,0.04467585159979807,2830936.0,,,3102,70641.486447512,1788003688.5037205,0.82070764,,0.0003,,,lqz1noyb,good-sweep-1,baseline_sparse
,0.046269193291664124,30000,,,0.03653651241744088,2839392.0,,,3110,70851.550423792,1788003898.5565538,0.8201720933333334,,0.0003,,,lqz1noyb,good-sweep-1,baseline_sparse
,0.04874715209007263,30000,,,0.04018710419532978,2840300.0,,,3112,70874.393764802,1788003921.3986647,0.8201145866666667,,0.0003,,,lqz1noyb,good-sweep-1,baseline_sparse
,0.050802864134311676,30000,,,0.07548473634715336,2843904.0,,,3116,70963.374104937,1788004010.3751009,0.8198863333333334,,0.0003,,,lqz1noyb,good-sweep-1,baseline_sparse
,0.052796751260757446,30000,,,0.06194646236096027,2887056.0,,,3165,72038.415639097,1788005085.4198594,0.8171533733333334,,0.0003,,,lqz1noyb,good-sweep-1,baseline_sparse
,0.04064473509788513,30000,,,0.15192479454450536,2915040.0,,,3195,72738.906796621,1788005785.9071414,0.8153810533333333,,0.0003,,,lqz1noyb,good-sweep-1,baseline_sparse
,0.0584372878074646,30000,,,0.1169374714760003,2924712.0,,,3207,72980.593097777,1788006027.6033425,0.8147684933333333,,0.0003,,,lqz1noyb,good-sweep-1,baseline_sparse
,0.05616600066423416,30000,,,0.036113842968091094,2925820.0,,,3207,73008.211676532,1788006055.2105184,0.8146983200000001,,0.0003,,,lqz1noyb,good-sweep-1,baseline_sparse
,0.03843959420919418,30000,,,0.11806052442601737,2947036.0,,,3230,73535.892663676,1788006582.8917177,0.81335464,,0.0003,,,lqz1noyb,good-sweep-1,baseline_sparse
,0.035942547023296356,30000,,,0.1933315106975939,2949544.0,,,3234,73598.227353473,1788006645.2402096,0.8131958,,0.0003,,,lqz1noyb,good-sweep-1,baseline_sparse
,0.052354972809553146,30000,,,0.08582530298821216,2950340.0,,,3234,73617.711598576,1788006664.7139568,0.8131453866666667,,0.0003,,,lqz1noyb,good-sweep-1,baseline_sparse
,0.044651590287685394,30000,,,0.0395988952097835,2976172.0,,,3261,74257.987390243,1788007305.0150886,0.81150936,,0.0003,,,lqz1noyb,good-sweep-1,baseline_sparse
,0.05587715655565262,30000,,,0.0949629165140857,2986864.0,,,3273,74524.878177154,1788007571.899532,0.8108322,,0.0003,,,lqz1noyb,good-sweep-1,baseline_sparse
,0.05255654454231262,30000,,,0.023157295823796546,2988740.0,,,3275,74571.152771031,1788007618.1536489,0.8107133866666667,,0.0003,,,lqz1noyb,good-sweep-1,baseline_sparse
,0.05786765739321709,30000,,,0.049896585567176494,2991948.0,,,3278,74651.417146901,1788007698.4173236,0.8105102133333334,,0.0003,,,lqz1noyb,good-sweep-1,baseline_sparse
,0.05843663960695267,30000,,,0.08232560071330443,3013164.0,,,3301,75180.787647244,1788008227.783057,0.8091665333333333,,0.0003,,,lqz1noyb,good-sweep-1,baseline_sparse
,0.04514143615961075,30000,,,0.04919533006773588,3036860.0,,,3327,75770.925838361,1788008817.9361112,0.8076657866666667,,0.0003,,,lqz1noyb,good-sweep-1,baseline_sparse
,0.0645892396569252,30000,,,0.0834681921332724,3051712.0,,,3344,76143.069207495,1788009190.0877173,0.8067251599999999,,0.0003,,,lqz1noyb,good-sweep-1,baseline_sparse
,0.041123002767562866,30000,,,0.015938050391509233,3057392.0,,,3350,76284.674377274,1788009331.6818058,0.8063654266666667,,0.0003,,,lqz1noyb,good-sweep-1,baseline_sparse
,0.06336574256420135,30000,,,0.07293714404257304,3080684.0,,,3378,76867.479909972,1788009914.4819834,0.8048902666666666,,0.0003,,,lqz1noyb,good-sweep-1,baseline_sparse
,0.05558120459318161,30000,,,0.04011281173703081,3097152.0,,,3394,77280.053874413,1788010327.0641134,0.8038472933333333,,0.0003,,,lqz1noyb,good-sweep-1,baseline_sparse
,0.0482124388217926,30000,,,0.0243877760637523,3097816.0,,,3395,77296.701934716,1788010343.696423,0.8038052400000001,,0.0003,,,lqz1noyb,good-sweep-1,baseline_sparse
,0.056441403925418854,30000,,,0.03404257511564984,3101912.0,,,3400,77398.83885318,1788010445.8296664,0.8035458266666666,,0.0003,,,lqz1noyb,good-sweep-1,baseline_sparse
,0.0568305067718029,30000,,,0.07495991208361746,3127176.0,,,3428,78026.93403565,1788011073.935039,0.8019457733333334,,0.0003,,,lqz1noyb,good-sweep-1,baseline_sparse
,0.053207457065582275,30000,,,0.04594055983980674,3128628.0,,,3431,78063.158351803,1788011110.1681411,0.8018538133333334,,0.0003,,,lqz1noyb,good-sweep-1,baseline_sparse
,0.033784665167331696,30000,,,0.05103162962096383,3146888.0,,,3450,78518.157793425,1788011565.1588502,0.8006973466666667,,0.0003,,,lqz1noyb,good-sweep-1,baseline_sparse
,0.057612787932157516,30000,,,0.04113266178886029,3159228.0,,,3463,78827.49965263,1788011874.5006356,0.7999158133333333,,0.0003,,,lqz1noyb,good-sweep-1,baseline_sparse
,0.04499056190252304,30000,,,0.055025748257706,3166284.0,,,3470,79005.073466903,1788012052.0740442,0.7994689333333334,,0.0003,,,lqz1noyb,good-sweep-1,baseline_sparse
,0.06023973599076271,30000,,,0.10536174960760243,3202340.0,,,3513,79903.76267029,1788012950.7643702,0.7971853866666667,,0.0003,,,lqz1noyb,good-sweep-1,baseline_sparse
,0.055685803294181824,30000,,,0.026444024491292156,3209876.0,,,3521,80090.712358179,1788013137.72082,0.7967081066666667,,0.0003,,,lqz1noyb,good-sweep-1,baseline_sparse
,0.059558358043432236,30000,,,0.043426221296139364,3225504.0,,,3537,80479.605869741,1788013526.595435,0.7957183333333334,,0.0003,,,lqz1noyb,good-sweep-1,baseline_sparse
,0.050408415496349335,30000,,,0.030853105325467096,3228716.0,,,3540,80560.286371037,1788013607.287935,0.7955149066666666,,0.0003,,,lqz1noyb,good-sweep-1,baseline_sparse
,0.052101828157901764,30000,,,0.11061028825661987,3231040.0,,,3544,80618.335661592,1788013665.3381076,0.79536772,,0.0003,,,lqz1noyb,good-sweep-1,baseline_sparse
,0.0490279421210289,30000,,,0.02924232388693173,3258420.0,,,3573,81296.042322876,1788014343.0433588,0.7936336533333334,,0.0003,,,lqz1noyb,good-sweep-1,baseline_sparse
,0.05667484551668167,30000,,,0.1217869355366831,3262732.0,,,3580,81403.356663696,1788014450.3501043,0.79336056,,0.0003,,,lqz1noyb,good-sweep-1,baseline_sparse
,0.05108237639069557,30000,,,0.021457646543950167,3263760.0,,,3581,81429.557351029,1788014476.5611498,0.7932954533333333,,0.0003,,,lqz1noyb,good-sweep-1,baseline_sparse
,0.05420506373047829,30000,,,0.023004426221412928,3267272.0,,,3585,81518.838931924,1788014565.8310199,0.7930730266666667,,0.0003,,,lqz1noyb,good-sweep-1,baseline_sparse
,0.05240088701248169,30000,,,0.059134817703586716,3284076.0,,,3605,81937.50380521,1788014984.501047,0.7920087733333333,,0.0003,,,lqz1noyb,good-sweep-1,baseline_sparse
,0.05709181725978851,30000,,,0.038083714370305485,3292384.0,,,3614,82145.428945062,1788015192.4336271,0.7914826,,0.0003,,,lqz1noyb,good-sweep-1,baseline_sparse
,0.050699807703495026,30000,,,0.03569270205371667,3297396.0,,,3619,82271.421166539,1788015318.381527,0.7911651733333334,,0.0003,,,lqz1noyb,good-sweep-1,baseline_sparse
,0.04624062776565552,30000,,,0.06305801299187483,3311088.0,,,3634,82614.342332846,1788015661.33858,0.7902980133333333,,0.0003,,,lqz1noyb,good-sweep-1,baseline_sparse
,0.047552332282066345,30000,,,0.028836181001033703,3313016.0,,,3636,82662.835371998,1788015709.8367763,0.7901759066666667,,0.0003,,,lqz1noyb,good-sweep-1,baseline_sparse
,0.06927812099456787,30000,,,0.07536304005964084,3317284.0,,,3640,82769.304454472,1788015816.263528,0.7899056,,0.0003,,,lqz1noyb,good-sweep-1,baseline_sparse
,0.05827859044075012,30000,,,0.14954662007408334,3332532.0,,,3656,83147.760422328,1788016194.761726,0.7889398933333334,,0.0003,,,lqz1noyb,good-sweep-1,baseline_sparse
,0.0567622184753418,30000,,,0.08851820383918331,3345616.0,,,3672,83470.469896675,1788016517.4670303,0.78811124,,0.0003,,,lqz1noyb,good-sweep-1,baseline_sparse
,0.049501579254865646,30000,,,0.08387111597090215,3351476.0,,,3680,83615.715841598,1788016662.7169187,0.7877401066666666,,0.0003,,,lqz1noyb,good-sweep-1,baseline_sparse
,0.05311320349574089,30000,,,0.03749891797410999,3367300.0,,,3699,84009.164530359,1788017056.1778936,0.78673792,,0.0003,,,lqz1noyb,good-sweep-1,baseline_sparse
,0.05415830761194229,30000,,,0.06512012165042613,3380524.0,,,3715,84336.686853158,1788017383.6943815,0.7859003999999999,,0.0003,,,lqz1noyb,good-sweep-1,baseline_sparse
,0.05630670487880707,30000,,,0.028050977071280372,3381696.0,,,3717,84366.315486639,1788017413.3148952,0.7858261733333334,,0.0003,,,lqz1noyb,good-sweep-1,baseline_sparse
,0.0427359975874424,30000,,,0.1473121746578412,3459456.0,,,3805,86301.262253278,1788019348.2620413,0.7809013733333333,,0.0003,,,lqz1noyb,good-sweep-1,baseline_sparse
,0.06010226905345917,30000,,,0.019514453449497628,3509692.0,,,3857,87551.508687549,1788020598.5071073,0.77771976,,0.0003,,,lqz1noyb,good-sweep-1,baseline_sparse
,0.04664649814367294,30000,,,0.03254112016268039,3510820.0,,,3859,87580.150973366,1788020627.1425276,0.7776483200000001,,0.0003,,,lqz1noyb,good-sweep-1,baseline_sparse
,0.0378555990755558,30000,,,0.14718125417426736,3528700.0,,,3879,88028.763978671,1788021075.757184,0.77651592,,0.0003,,,lqz1noyb,good-sweep-1,baseline_sparse
,0.06274935603141785,30000,,,0.06582867153340982,3536720.0,,,3888,88228.870884705,1788021275.873561,0.7760079866666667,,0.0003,,,lqz1noyb,good-sweep-1,baseline_sparse
,0.06050017476081848,30000,,,0.1061603704929323,3562604.0,,,3915,88863.91391892,1788021910.9254763,0.7743686666666667,,0.0003,,,lqz1noyb,good-sweep-1,baseline_sparse
,0.060875169932842255,30000,,,0.024283832195959056,3567200.0,,,3920,88963.63092528,1788022010.6423607,0.7740775866666667,,0.0003,,,lqz1noyb,good-sweep-1,baseline_sparse
,0.04254014045000076,30000,,,0.02178924899560678,3609368.0,,,3966,89879.384634582,1788022926.3967166,0.7714069466666666,,0.0003,,,lqz1noyb,good-sweep-1,baseline_sparse
,0.046774525195360184,30000,,,0.06840637231303803,3613204.0,,,3970,89962.793664923,1788023009.806422,0.7711640000000001,,0.0003,,,lqz1noyb,good-sweep-1,baseline_sparse
,0.33858922123908997,3084,,,0.43304810837065655,3092.0,,,0,45.692151751,1787933094.6354594,0.9998044266666667,,0.0003,,,jg6p7o03,olive-sweep-2,baseline_full
,0.5019441246986389,3596,,,0.9552632803631396,3608.0,,,2,59.699529991,1787933108.6668377,0.9997717466666667,,0.0003,,,jg6p7o03,olive-sweep-2,baseline_full
,0.19407986104488373,23480,,,0.4138287355940589,23536.0,,,24,563.803025988,1787933612.7632806,0.99850964,,0.0003,,,jg6p7o03,olive-sweep-2,baseline_full
,0.1346171349287033,30000,,,0.2683416118182558,34672.0,,,36,842.528544809,1787933891.4810843,0.9978043600000001,,0.0003,,,jg6p7o03,olive-sweep-2,baseline_full
,0.16346436738967896,30000,,,0.47720299086150303,45820.0,,,48,1124.848988726,1787934173.8178003,0.99709832,,0.0003,,,jg6p7o03,olive-sweep-2,baseline_full
,0.09620031714439392,30000,,,0.30742594804147594,53152.0,,,57,1310.038434317,1787934358.9940567,0.99663396,,0.0003,,,jg6p7o03,olive-sweep-2,baseline_full
,0.09903168678283691,30000,,,0.3028291971673703,61472.0,,,65,1520.033855852,1787934568.9973311,0.9961070266666666,,0.0003,,,jg6p7o03,olive-sweep-2,baseline_full
,0.10915851593017578,30000,,,0.5700145865381998,96892.0,,,103,2411.41921845,1787935460.3633657,0.99386376,,0.0003,,,jg6p7o03,olive-sweep-2,baseline_full
,0.13263648748397827,30000,,,0.7041578375056378,134520.0,,,145,3359.161864353,1787936408.1249151,0.9914806533333334,,0.0003,,,jg6p7o03,olive-sweep-2,baseline_full
,0.07346117496490479,30000,,,0.40846841729905253,137224.0,,,147,3426.956982361,1787936475.911439,0.9913094,,0.0003,,,jg6p7o03,olive-sweep-2,baseline_full
,0.08889669924974442,30000,,,0.5146888397944986,180336.0,,,191,4504.613945209,1787937553.5898125,0.9885789733333333,,0.0003,,,jg6p7o03,olive-sweep-2,baseline_full
,0.0924326479434967,30000,,,0.609601905846443,190152.0,,,203,4750.383934173,1787937799.3440132,0.9879572933333334,,0.0003,,,jg6p7o03,olive-sweep-2,baseline_full
,0.08734498918056488,30000,,,0.6908425328925033,207760.0,,,221,5192.051988016,1787938241.0121703,0.9868421199999999,,0.0003,,,jg6p7o03,olive-sweep-2,baseline_full
,0.07293736934661865,30000,,,0.542860427874266,219084.0,,,235,5476.630524502,1787938525.588563,0.9861249333333333,,0.0003,,,jg6p7o03,olive-sweep-2,baseline_full
,0.0910036638379097,30000,,,0.8331974485435869,224348.0,,,239,5607.82315365,1787938656.781033,0.9857915466666666,,0.0003,,,jg6p7o03,olive-sweep-2,baseline_full
,0.08067778497934341,30000,,,0.6915958639097182,242208.0,,,259,6056.889168353,1787939105.848992,0.9846604133333334,,0.0003,,,jg6p7o03,olive-sweep-2,baseline_full
,0.08735129237174988,30000,,,0.5100119318452832,246884.0,,,264,6175.086084518,1787939224.0460067,0.9843642666666668,,0.0003,,,jg6p7o03,olive-sweep-2,baseline_full
,0.07741592824459076,30000,,,0.4766782114250344,248260.0,,,266,6209.909108882,1787939258.867568,0.98427712,,0.0003,,,jg6p7o03,olive-sweep-2,baseline_full
,0.09063021093606949,30000,,,0.6795300052001944,254656.0,,,273,6368.285508855,1787939417.253928,0.98387204,,0.0003,,,jg6p7o03,olive-sweep-2,baseline_full
,0.06036423519253731,30000,,,0.5650014697157292,271068.0,,,291,6780.109630458,1787939829.0823677,0.9828326133333334,,0.0003,,,jg6p7o03,olive-sweep-2,baseline_full
,0.0762760192155838,30000,,,0.6740761601066237,286852.0,,,308,7169.819255018,1787940218.7804646,0.98183296,,0.0003,,,jg6p7o03,olive-sweep-2,baseline_full
,0.050533294677734375,30000,,,0.3823910938078906,313852.0,,,338,7849.413628094,1787940898.3942761,0.98012296,,0.0003,,,jg6p7o03,olive-sweep-2,baseline_full
,0.10804112255573273,30000,,,0.6146183973846342,327224.0,,,352,8186.196800185,1787941235.1610084,0.9792760666666667,,0.0003,,,jg6p7o03,olive-sweep-2,baseline_full
,0.0512600839138031,30000,,,0.4059192178274931,363460.0,,,390,9094.527883927,1787942143.488118,0.97698112,,0.0003,,,jg6p7o03,olive-sweep-2,baseline_full
,0.06715729832649231,30000,,,0.49787545107395254,368716.0,,,396,9227.256487225,1787942276.2182403,0.9766482400000001,,0.0003,,,jg6p7o03,olive-sweep-2,baseline_full
,0.05383661389350891,30000,,,0.37444448883974096,394808.0,,,424,9884.184693557,1787942933.1442306,0.9749957466666667,,0.0003,,,jg6p7o03,olive-sweep-2,baseline_full
,0.09054204821586609,30000,,,0.6493087528576796,408672.0,,,437,10233.202482216,1787943282.1659484,0.9741176933333333,,0.0003,,,jg6p7o03,olive-sweep-2,baseline_full
,0.18485037982463837,30000,,,1.3244154021179415,417520.0,,,446,10456.636002358,1787943505.6003187,0.97355732,,0.0003,,,jg6p7o03,olive-sweep-2,baseline_full
,0.10481560230255127,30000,,,1.8882349637365456,475748.0,,,509,11923.930320177,1787944972.8954644,0.9698695466666666,,0.0003,,,jg6p7o03,olive-sweep-2,baseline_full
,0.12480602413415909,30000,,,1.5671925965443732,487032.0,,,520,12208.89123742,1787945257.8513732,0.9691548933333334,,0.0003,,,jg6p7o03,olive-sweep-2,baseline_full
,0.11196701228618622,30000,,,1.543969022759389,521712.0,,,558,13079.197093397,1787946128.1747303,0.9669584933333334,,0.0003,,,jg6p7o03,olive-sweep-2,baseline_full
,0.09079954773187637,30000,,,0.8743576775927137,522848.0,,,558,13107.625658823,1787946156.5864823,0.9668865466666667,,0.0003,,,jg6p7o03,olive-sweep-2,baseline_full
,0.09964156150817871,30000,,,2.3334522233755663,536260.0,,,572,13445.60898288,1787946494.5727704,0.9660371200000001,,0.0003,,,jg6p7o03,olive-sweep-2,baseline_full
,0.07410673797130585,30000,,,0.575031557036233,537260.0,,,574,13471.174029261,1787946520.137904,0.9659737866666667,,0.0003,,,jg6p7o03,olive-sweep-2,baseline_full
,0.14196521043777466,30000,,,0.6879004522170933,547112.0,,,583,13717.676995732,1787946766.6311088,0.9653498266666667,,0.0003,,,jg6p7o03,olive-sweep-2,baseline_full
,0.10356150567531586,30000,,,0.8214133881370819,574400.0,,,611,14404.780357096,1787947453.7400918,0.9636215866666666,,0.0003,,,jg6p7o03,olive-sweep-2,baseline_full
,0.08590966463088989,30000,,,1.7726132499595366,590056.0,,,627,14802.179326191,1787947851.1427057,0.9626300400000001,,0.0003,,,jg6p7o03,olive-sweep-2,baseline_full
,0.06908342987298965,30000,,,0.7502582189488368,593228.0,,,630,14882.433592395,1787947931.4015052,0.9624291466666667,,0.0003,,,jg6p7o03,olive-sweep-2,baseline_full
,0.08620171248912811,30000,,,0.6087763020195046,604672.0,,,642,15171.023777006,1787948219.995008,0.96170436,,0.0003,,,jg6p7o03,olive-sweep-2,baseline_full
,0.07428701967000961,30000,,,0.5953233413375424,606784.0,,,644,15224.642419878,1787948273.6057074,0.9615705999999999,,0.0003,,,jg6p7o03,olive-sweep-2,baseline_full
,0.3291681408882141,30000,,,1.1796860558458955,673024.0,,,715,16890.545989288,1787949939.5123117,0.9573754,,0.0003,,,jg6p7o03,olive-sweep-2,baseline_full
,0.12029953300952911,30000,,,0.7592506176444435,692368.0,,,735,17375.895088512,1787950424.8809724,0.95615028,,0.0003,,,jg6p7o03,olive-sweep-2,baseline_full
,0.1424001157283783,30000,,,0.8661914877496975,694808.0,,,737,17436.71812627,1787950485.6746895,0.9559957466666666,,0.0003,,,jg6p7o03,olive-sweep-2,baseline_full
,0.08524981141090393,30000,,,0.6015131768850124,696040.0,,,739,17467.830286864,1787950516.7981915,0.9559177200000001,,0.0003,,,jg6p7o03,olive-sweep-2,baseline_full
,0.10943399369716644,30000,,,0.7123809343069581,705760.0,,,749,17713.517500188,1787950762.4787056,0.9553021199999999,,0.0003,,,jg6p7o03,olive-sweep-2,baseline_full
,0.19557693600654602,30000,,,0.8638714176315271,706676.0,,,749,17736.822047975,1787950785.7893212,0.9552441066666667,,0.0003,,,jg6p7o03,olive-sweep-2,baseline_full
,0.11244350671768188,30000,,,1.6312272025966406,732764.0,,,777,18392.738509541,1787951441.7011244,0.9535918666666666,,0.0003,,,jg6p7o03,olive-sweep-2,baseline_full
,0.07637481391429901,30000,,,1.5556861103716533,755576.0,,,800,18969.439578041,1787952018.39372,0.9521471066666667,,0.0003,,,jg6p7o03,olive-sweep-2,baseline_full
,0.0873524472117424,30000,,,1.8177277941069623,823564.0,,,869,20686.7242523,1787953735.6900268,0.9478412,,0.0003,,,jg6p7o03,olive-sweep-2,baseline_full
,0.10475185513496399,30000,,,0.7869767536713358,829876.0,,,876,20845.806867523,1787953894.722363,0.9474414400000001,,0.0003,,,jg6p7o03,olive-sweep-2,baseline_full
,0.14902356266975403,30000,,,1.1629902071652212,836240.0,,,882,21006.112661343,1787954055.0788713,0.9470383866666666,,0.0003,,,jg6p7o03,olive-sweep-2,baseline_full
,0.13940607011318207,30000,,,3.338207574771193,839960.0,,,887,21098.174707053,1787954147.1325562,0.9468027866666666,,0.0003,,,jg6p7o03,olive-sweep-2,baseline_full
,0.11423476040363312,30000,,,1.5479464348015883,840824.0,,,887,21120.018799091,1787954168.9844651,0.9467480666666667,,0.0003,,,jg6p7o03,olive-sweep-2,baseline_full
,0.16245439648628235,30000,,,1.1116591990413522,884152.0,,,932,22213.642851249,1787955262.604139,0.94400396,,0.0003,,,jg6p7o03,olive-sweep-2,baseline_full
,0.2981203496456146,30000,,,1.5022184850786326,897952.0,,,948,22561.070103213,1787955610.0519123,0.94312996,,0.0003,,,jg6p7o03,olive-sweep-2,baseline_full
,0.141591876745224,30000,,,1.9326979379060085,909052.0,,,959,22839.168137826,1787955888.1241622,0.94242696,,0.0003,,,jg6p7o03,olive-sweep-2,baseline_full
,0.09836409240961075,30000,,,1.5606710994693918,910004.0,,,960,22863.515252959,1787955912.4372885,0.9423666666666667,,0.0003,,,jg6p7o03,olive-sweep-2,baseline_full
,0.10815238207578659,30000,,,1.0447376962660064,955224.0,,,1006,24002.889520679,1787957051.8467696,0.9395027333333333,,0.0003,,,jg6p7o03,olive-sweep-2,baseline_full
,0.07062653452157974,30000,,,1.975347512521953,971112.0,,,1023,24405.058962586,1787957454.0186682,0.9384964933333334,,0.0003,,,jg6p7o03,olive-sweep-2,baseline_full
,0.06760721653699875,30000,,,0.9759324658540046,985180.0,,,1037,24758.391090278,1787957807.3754144,0.93760552,,0.0003,,,jg6p7o03,olive-sweep-2,baseline_full
,0.13676387071609497,30000,,,0.938446752615744,1011772.0,,,1065,25428.69953923,1787958477.6645987,0.9359213599999999,,0.0003,,,jg6p7o03,olive-sweep-2,baseline_full
,0.13167491555213928,30000,,,1.222921130017596,1022076.0,,,1075,25686.152278829,1787958735.1110947,0.9352687733333334,,0.0003,,,jg6p7o03,olive-sweep-2,baseline_full
,0.356865793466568,30000,,,1.3203658987437257,1025896.0,,,1079,25781.189090157,1787958830.1586459,0.93502684,,0.0003,,,jg6p7o03,olive-sweep-2,baseline_full
,0.09414073824882507,30000,,,1.538634047304264,1040224.0,,,1094,26143.397588884,1787959192.3829186,0.9341194,,0.0003,,,jg6p7o03,olive-sweep-2,baseline_full
,0.15372860431671143,30000,,,1.6319542338073343,1063876.0,,,1119,26739.534524698,1787959788.4971387,0.93262144,,0.0003,,,jg6p7o03,olive-sweep-2,baseline_full
,0.13406535983085632,30000,,,1.1677519720718181,1073584.0,,,1128,26983.474571039,1787960032.4384367,0.9320066,,0.0003,,,jg6p7o03,olive-sweep-2,baseline_full
,0.1659037172794342,30000,,,3.9918240278688484,1082812.0,,,1138,27214.351824187,1787960263.3175294,0.93142216,,0.0003,,,jg6p7o03,olive-sweep-2,baseline_full
,0.27769723534584045,30000,,,1.7731061969717818,1091476.0,,,1146,27433.055030159,1787960482.0291255,0.93087344,,0.0003,,,jg6p7o03,olive-sweep-2,baseline_full
,0.12735842168331146,30000,,,2.553825007010186,1112088.0,,,1169,27950.977671025,1787960999.939202,0.9295680133333334,,0.0003,,,jg6p7o03,olive-sweep-2,baseline_full
,0.13597138226032257,30000,,,2.854733909129495,1141352.0,,,1198,28686.130849962,1787961735.0961103,0.9277146266666667,,0.0003,,,jg6p7o03,olive-sweep-2,baseline_full
,0.09112229943275452,30000,,,0.764294770489168,1151916.0,,,1209,28950.500090984,1787961999.4548378,0.9270455733333334,,0.0003,,,jg6p7o03,olive-sweep-2,baseline_full
,0.14130066335201263,30000,,,1.11378549605304,1190368.0,,,1250,29917.265364005,1787962966.2254076,0.92461028,,0.0003,,,jg6p7o03,olive-sweep-2,baseline_full
,0.0953851044178009,30000,,,2.0192037007987738,1210508.0,,,1270,30418.661673395,1787963467.6361732,0.9233347466666667,,0.0003,,,jg6p7o03,olive-sweep-2,baseline_full
,0.10140418261289597,30000,,,2.3323907911108064,1239460.0,,,1300,31148.069132648,1787964197.0335102,0.9215011200000001,,0.0003,,,jg6p7o03,olive-sweep-2,baseline_full
,0.13882701098918915,30000,,,1.3233865148265196,1271112.0,,,1332,31944.144634431,1787964993.1016524,0.9194964933333334,,0.0003,,,jg6p7o03,olive-sweep-2,baseline_full
,0.16578863561153412,30000,,,2.4810830520279197,1274328.0,,,1336,32026.049152464,1787965075.0183575,0.9192928133333333,,0.0003,,,jg6p7o03,olive-sweep-2,baseline_full
,0.11924825608730316,30000,,,0.9921872670541356,1304020.0,,,1366,32771.999382251,1787965820.9612932,0.9174123200000001,,0.0003,,,jg6p7o03,olive-sweep-2,baseline_full
,0.16203482449054718,30000,,,3.355759204565984,1310932.0,,,1373,32943.476223036,1787965992.4415176,0.91697456,,0.0003,,,jg6p7o03,olive-sweep-2,baseline_full
,0.13197903335094452,30000,,,1.8983399808585355,1311820.0,,,1374,32965.984815881,1787966014.9474902,0.91691832,,0.0003,,,jg6p7o03,olive-sweep-2,baseline_full
,0.136704683303833,30000,,,2.924745592967321,1387184.0,,,1451,34853.018582871,1787967901.9818332,0.9121452666666666,,0.0003,,,jg6p7o03,olive-sweep-2,baseline_full
,0.22739116847515106,30000,,,3.85357415136732,1472756.0,,,1536,36998.620052724,1787970047.5428813,0.9067257066666666,,0.0003,,,jg6p7o03,olive-sweep-2,baseline_full
,0.2889437675476074,30000,,,1.3474823056416283,1478068.0,,,1540,37131.377087506,1787970180.3401933,0.90638928,,0.0003,,,jg6p7o03,olive-sweep-2,baseline_full
,0.17177161574363708,30000,,,1.4872767909646067,1520372.0,,,1584,38193.331899186,1787971242.2958858,0.9037100266666667,,0.0003,,,jg6p7o03,olive-sweep-2,baseline_full
,0.32394838333129883,30000,,,1.0839801828733104,1571944.0,,,1636,39482.934085356,1787972531.9155912,0.9004438,,0.0003,,,jg6p7o03,olive-sweep-2,baseline_full
158.0,0.08488423377275467,30000,1041.0,675.0,1.3055807396619656,1584248.0,-18.0,-1.0,1648,39791.860141361,1787972840.8177688,0.8996645466666666,259.0400000000005,0.0003,208.0,6131.83741830068,jg6p7o03,olive-sweep-2,baseline_full
,0.17919625341892242,30000,,,6.389375969152321,1589024.0,,,1653,39910.571704259,1787972959.535407,0.8993620666666667,,0.0003,,,jg6p7o03,olive-sweep-2,baseline_full
,0.330714613199234,30000,,,1.1652676568061595,1603184.0,,,1667,40264.558617062,1787973313.5249946,0.8984652666666667,,0.0003,,,jg6p7o03,olive-sweep-2,baseline_full
,0.21041534841060638,30000,,,2.566427047032496,1623300.0,,,1687,40767.774761475,1787973816.7290423,0.8971912533333333,,0.0003,,,jg6p7o03,olive-sweep-2,baseline_full
,0.19863460958003998,30000,,,3.059267083531034,1630084.0,,,1695,40936.765096135,1787973985.7322085,0.8967616,,0.0003,,,jg6p7o03,olive-sweep-2,baseline_full
,0.1234608143568039,30000,,,0.7064698583650575,1650984.0,,,1716,41460.107069317,1787974509.073126,0.8954379333333333,,0.0003,,,jg6p7o03,olive-sweep-2,baseline_full
,0.2344445288181305,30000,,,4.623406940909008,1657076.0,,,1722,41611.793216019,1787974660.748936,0.8950521066666667,,0.0003,,,jg6p7o03,olive-sweep-2,baseline_full
,0.3679234981536865,30000,,,2.6026433833227824,1670536.0,,,1736,41947.535333909,1787974996.4991758,0.89419964,,0.0003,,,jg6p7o03,olive-sweep-2,baseline_full
,0.23309633135795593,30000,,,2.037554584168524,1690068.0,,,1757,42434.440216666,1787975483.4027252,0.8929626133333334,,0.0003,,,jg6p7o03,olive-sweep-2,baseline_full
,0.14923924207687378,30000,,,1.1081761739745573,1723920.0,,,1791,43280.578004025,1787976329.5358543,0.8908186533333334,,0.0003,,,jg6p7o03,olive-sweep-2,baseline_full
,0.28336048126220703,30000,,,8.813613859855788,1739064.0,,,1806,43659.076109342,1787976708.03799,0.8898595333333333,,0.0003,,,jg6p7o03,olive-sweep-2,baseline_full
,0.2538490891456604,30000,,,2.1373593902738888,1756232.0,,,1823,44086.852966789,1787977135.8173168,0.8887722266666667,,0.0003,,,jg6p7o03,olive-sweep-2,baseline_full
,0.43027347326278687,30000,,,4.636497202041332,1796380.0,,,1864,45089.71883873,1787978138.7004352,0.88622952,,0.0003,,,jg6p7o03,olive-sweep-2,baseline_full
,0.27970629930496216,30000,,,1.0822577293372015,1830384.0,,,1896,45941.098342739,1787978990.0121622,0.8840759333333333,,0.0003,,,jg6p7o03,olive-sweep-2,baseline_full
,0.17041686177253723,30000,,,2.0342646910842426,1844188.0,,,1910,46288.949030105,1787979337.911871,0.88320168,,0.0003,,,jg6p7o03,olive-sweep-2,baseline_full
,0.21077018976211548,30000,,,1.2940469703886621,1849324.0,,,1916,46416.753296452,1787979465.7105708,0.8828764,,0.0003,,,jg6p7o03,olive-sweep-2,baseline_full
,0.19102558493614197,30000,,,1.3585761790998692,1875532.0,,,1942,47075.70386015,1787980124.626208,0.88121656,,0.0003,,,jg6p7o03,olive-sweep-2,baseline_full
,0.3857479691505432,30000,,,1.3726425065654086,1891936.0,,,1958,47484.1463857,1787980533.101891,0.88017764,,0.0003,,,jg6p7o03,olive-sweep-2,baseline_full
,0.36461231112480164,30000,,,1.721131084228834,1896432.0,,,1962,47596.758175907,1787980645.725256,0.8798928933333333,,0.0003,,,jg6p7o03,olive-sweep-2,baseline_full
,0.2603600025177002,30000,,,2.137552422031253,1901084.0,,,1966,47714.290118382,1787980763.2548108,0.8795982666666666,,0.0003,,,jg6p7o03,olive-sweep-2,baseline_full
,0.3148699700832367,30000,,,8.161487465047001,1901376.0,,,1966,47721.773408783,1787980770.7328124,0.8795797733333334,,0.0003,,,jg6p7o03,olive-sweep-2,baseline_full
,0.2953658401966095,30000,,,2.0381429368143476,1916308.0,,,1983,48094.832512747,1787981143.815009,0.87863408,,0.0003,,,jg6p7o03,olive-sweep-2,baseline_full
,0.3957371413707733,30000,,,4.6378941916093686,1928760.0,,,1995,48405.562002663,1787981454.5257058,0.8778454533333334,,0.0003,,,jg6p7o03,olive-sweep-2,baseline_full
,0.3759661018848419,30000,,,1.6282427826057366,1973436.0,,,2039,49520.678328997,1787982569.6342304,0.8750159733333334,,0.0003,,,jg6p7o03,olive-sweep-2,baseline_full
,0.2509874105453491,30000,,,3.4211623851111854,1982072.0,,,2047,49738.204312705,1787982787.1682224,0.8744690266666666,,0.0003,,,jg6p7o03,olive-sweep-2,baseline_full
,0.42082691192626953,30000,,,3.2952455975471797,2000704.0,,,2066,50202.558426388,1787983251.5315368,0.873289,,0.0003,,,jg6p7o03,olive-sweep-2,baseline_full
,0.2116881161928177,30000,,,4.696266268800599,2003952.0,,,2070,50282.810899282,1787983331.7760975,0.8730832933333333,,0.0003,,,jg6p7o03,olive-sweep-2,baseline_full
,0.3147922158241272,30000,,,2.160316358088173,2077988.0,,,2144,52131.074340548,1787985180.037683,0.8683943466666667,,0.0003,,,jg6p7o03,olive-sweep-2,baseline_full
,0.39343202114105225,30000,,,1.4806534097128485,2091464.0,,,2159,52468.052043915,1787985517.019762,0.8675408666666666,,0.0003,,,jg6p7o03,olive-sweep-2,baseline_full
,0.32792791724205017,30000,,,1.8740191987190595,2094696.0,,,2160,52549.314022223,1787985598.2817843,0.8673361733333333,,0.0003,,,jg6p7o03,olive-sweep-2,baseline_full
,0.2403961420059204,30000,,,2.098709364574894,2111904.0,,,2177,52977.381607432,1787986026.3364058,0.8662463333333333,,0.0003,,,jg6p7o03,olive-sweep-2,baseline_full
,0.2658650279045105,30000,,,1.4816586786303678,2118928.0,,,2184,53150.674116332,1787986199.6379738,0.86580148,,0.0003,,,jg6p7o03,olive-sweep-2,baseline_full
,0.2827492356300354,30000,,,0.794202460021301,2147856.0,,,2212,53874.105629344,1787986923.071469,0.8639693733333333,,0.0003,,,jg6p7o03,olive-sweep-2,baseline_full
,0.2712450921535492,30000,,,1.2126547777912908,2236152.0,,,2298,56070.91795908,1787989119.8858614,0.8583772933333333,,0.0003,,,jg6p7o03,olive-sweep-2,baseline_full
,0.1997448205947876,30000,,,1.228821219618417,2285916.0,,,2347,57319.405864542,1787990368.38954,0.8552255733333334,,0.0003,,,jg6p7o03,olive-sweep-2,baseline_full
,0.3601251542568207,30000,,,2.0170560876494807,2288168.0,,,2350,57376.030089297,1787990424.9957821,0.8550829466666667,,0.0003,,,jg6p7o03,olive-sweep-2,baseline_full
,0.3355616331100464,30000,,,3.100164626499511,2334276.0,,,2393,58525.811988106,1787991574.7892325,0.8521627733333333,,0.0003,,,jg6p7o03,olive-sweep-2,baseline_full
,0.41476455330848694,30000,,,12.278910792724803,2343432.0,,,2401,58752.216338988,1787991801.192448,0.8515828933333334,,0.0003,,,jg6p7o03,olive-sweep-2,baseline_full
,0.2445753663778305,30000,,,2.476956101722592,2358280.0,,,2417,59121.356736261,1787992170.321536,0.8506425200000001,,0.0003,,,jg6p7o03,olive-sweep-2,baseline_full
,0.36727890372276306,30000,,,5.426776349455406,2376116.0,,,2434,59565.992583197,1787992614.9623203,0.8495129066666667,,0.0003,,,jg6p7o03,olive-sweep-2,baseline_full
,0.2900024950504303,30000,,,7.561111563904697,2381508.0,,,2439,59701.010089396,1787992749.972557,0.8491714133333333,,0.0003,,,jg6p7o03,olive-sweep-2,baseline_full
,0.4465903639793396,30000,,,9.165574768097214,2403492.0,,,2462,60250.432727778,1787993299.34323,0.8477790933333333,,0.0003,,,jg6p7o03,olive-sweep-2,baseline_full
,0.24940094351768494,30000,,,0.8081022875154816,2405048.0,,,2463,60289.354877123,1787993338.3182304,0.8476805466666667,,0.0003,,,jg6p7o03,olive-sweep-2,baseline_full
,0.3026316463947296,30000,,,2.387078636315797,2424768.0,,,2483,60784.322225111,1787993833.2877512,0.8464316133333333,,0.0003,,,jg6p7o03,olive-sweep-2,baseline_full
,0.3261414170265198,30000,,,1.7450355078274498,2473644.0,,,2531,62004.002791353,1787995052.9646564,0.8433361333333333,,0.0003,,,jg6p7o03,olive-sweep-2,baseline_full
,0.20957410335540771,30000,,,1.554040736802026,2503848.0,,,2559,62756.881968859,1787995805.8464355,0.8414232133333334,,0.0003,,,jg6p7o03,olive-sweep-2,baseline_full
,0.3738345205783844,30000,,,2.123573758225038,2615460.0,,,2669,65544.088854721,1787998593.05946,0.8343544533333334,,0.0003,,,jg6p7o03,olive-sweep-2,baseline_full
,0.327902227640152,30000,,,6.444124163568953,2616868.0,,,2671,65579.373696208,1787998628.3401008,0.83426528,,0.0003,,,jg6p7o03,olive-sweep-2,baseline_full
,0.35445287823677063,30000,,,1.3110301560708035,2640828.0,,,2693,66178.795508668,1787999227.7613108,0.8327478133333334,,0.0003,,,jg6p7o03,olive-sweep-2,baseline_full
,0.1981651484966278,30000,,,6.850137480039852,2651708.0,,,2704,66451.182133934,1787999500.1415977,0.8320587466666667,,0.0003,,,jg6p7o03,olive-sweep-2,baseline_full
,0.3653133809566498,30000,,,1.2819981287403424,2653844.0,,,2707,66504.930957325,1787999553.913391,0.8319234666666667,,0.0003,,,jg6p7o03,olive-sweep-2,baseline_full
,0.3456880748271942,30000,,,4.412582525349789,2668540.0,,,2720,66871.650228072,1787999920.6032329,0.83099272,,0.0003,,,jg6p7o03,olive-sweep-2,baseline_full
,0.2654617428779602,30000,,,1.3721544130601935,2687908.0,,,2739,67353.263250272,1788000402.2346206,0.8297660800000001,,0.0003,,,jg6p7o03,olive-sweep-2,baseline_full
,0.2778465151786804,30000,,,3.164140739854133,2744284.0,,,2793,68760.733473276,1788001809.7007365,0.8261956,,0.0003,,,jg6p7o03,olive-sweep-2,baseline_full
,0.3911077082157135,30000,,,7.927503162833782,2750988.0,,,2800,68928.677928923,1788001977.639974,0.8257710133333334,,0.0003,,,jg6p7o03,olive-sweep-2,baseline_full
,0.3341261148452759,30000,,,1.6603839553560376,2755704.0,,,2804,69046.431863176,1788002095.405395,0.8254723333333334,,0.0003,,,jg6p7o03,olive-sweep-2,baseline_full
,0.22950315475463867,30000,,,0.9178524296910727,2797956.0,,,2846,70101.65774101,1788003150.6243236,0.8227963733333333,,0.0003,,,jg6p7o03,olive-sweep-2,baseline_full
,0.25856050848960876,30000,,,2.142725093716775,2804644.0,,,2852,70268.558555387,1788003317.5231771,0.8223728,,0.0003,,,jg6p7o03,olive-sweep-2,baseline_full
,0.2487715780735016,30000,,,2.639354021233429,2830936.0,,,2876,70924.783797239,1788003973.70089,0.82070764,,0.0003,,,jg6p7o03,olive-sweep-2,baseline_full
,0.32426688075065613,30000,,,2.1700895789148373,2839392.0,,,2884,71135.698606654,1788004184.672034,0.8201720933333334,,0.0003,,,jg6p7o03,olive-sweep-2,baseline_full
,0.15838965773582458,30000,,,1.5826147041901717,2840300.0,,,2885,71158.523630248,1788004207.504937,0.8201145866666667,,0.0003,,,jg6p7o03,olive-sweep-2,baseline_full
,0.3533042073249817,30000,,,7.189979524673195,2843904.0,,,2888,71249.074865646,1788004298.0430498,0.8198863333333334,,0.0003,,,jg6p7o03,olive-sweep-2,baseline_full
,0.34748250246047974,30000,,,6.704447191733774,2887056.0,,,2929,72329.05486543,1788005378.0105467,0.8171533733333334,,0.0003,,,jg6p7o03,olive-sweep-2,baseline_full
,0.40297096967697144,30000,,,1.068422742895025,2915040.0,,,2956,73032.128542404,1788006081.0926175,0.8153810533333333,,0.0003,,,jg6p7o03,olive-sweep-2,baseline_full
,0.3857211470603943,30000,,,1.6591365066284265,2924712.0,,,2967,73273.051503966,1788006322.0308263,0.8147684933333333,,0.0003,,,jg6p7o03,olive-sweep-2,baseline_full
,0.36257678270339966,30000,,,2.8836505591503054,2925820.0,,,2967,73300.514732949,1788006349.481022,0.8146983200000001,,0.0003,,,jg6p7o03,olive-sweep-2,baseline_full
,0.3572426736354828,30000,,,2.1567994399805928,2947036.0,,,2987,73830.073918237,1788006879.037306,0.81335464,,0.0003,,,jg6p7o03,olive-sweep-2,baseline_full
,0.4111613929271698,30000,,,2.2005645487468577,2949544.0,,,2989,73892.688431074,1788006941.644713,0.8131958,,0.0003,,,jg6p7o03,olive-sweep-2,baseline_full
,0.38444575667381287,30000,,,1.336441255044408,2950340.0,,,2991,73912.61826692,1788006961.5759048,0.8131453866666667,,0.0003,,,jg6p7o03,olive-sweep-2,baseline_full
,0.28483957052230835,30000,,,2.961033001003634,2976172.0,,,3014,74559.865854257,1788007608.8326612,0.81150936,,0.0003,,,jg6p7o03,olive-sweep-2,baseline_full
,0.27355217933654785,30000,,,1.4678799966217582,2986864.0,,,3025,74827.700578019,1788007876.6610572,0.8108322,,0.0003,,,jg6p7o03,olive-sweep-2,baseline_full
,0.43331971764564514,30000,,,1.6101879187382373,2988740.0,,,3026,74874.621740792,1788007923.5861619,0.8107133866666667,,0.0003,,,jg6p7o03,olive-sweep-2,baseline_full
,0.3372805714607239,30000,,,7.211203612210864,2991948.0,,,3030,74954.502242575,1788008003.4676557,0.8105102133333334,,0.0003,,,jg6p7o03,olive-sweep-2,baseline_full
,0.2831640839576721,30000,,,1.0429988663073204,3013164.0,,,3049,75485.697343028,1788008534.6595619,0.8091665333333333,,0.0003,,,jg6p7o03,olive-sweep-2,baseline_full
,0.17732656002044678,30000,,,3.3399068262413256,3036860.0,,,3073,76079.654552962,1788009128.620452,0.8076657866666667,,0.0003,,,jg6p7o03,olive-sweep-2,baseline_full
,0.31690913438796997,30000,,,3.878172208116335,3051712.0,,,3085,76452.431262895,1788009501.3951213,0.8067251599999999,,0.0003,,,jg6p7o03,olive-sweep-2,baseline_full
,0.3781675696372986,30000,,,2.565393443460162,3057392.0,,,3090,76595.286857842,1788009644.2086594,0.8063654266666667,,0.0003,,,jg6p7o03,olive-sweep-2,baseline_full
,0.48856794834136963,30000,,,2.8563064448718736,3080684.0,,,3113,77181.067812407,1788010230.0258133,0.8048902666666666,,0.0003,,,jg6p7o03,olive-sweep-2,baseline_full
,0.30835461616516113,30000,,,3.121453568925383,3097152.0,,,3128,77592.987048475,1788010641.9514403,0.8038472933333333,,0.0003,,,jg6p7o03,olive-sweep-2,baseline_full
,0.42320334911346436,30000,,,2.955472120650835,3097816.0,,,3128,77609.789950296,1788010658.7451808,0.8038052400000001,,0.0003,,,jg6p7o03,olive-sweep-2,baseline_full
,0.4015413522720337,30000,,,1.6874984697251567,3101912.0,,,3132,77713.515233005,1788010762.492671,0.8035458266666666,,0.0003,,,jg6p7o03,olive-sweep-2,baseline_full
,0.306905061006546,30000,,,2.6978682189561676,3127176.0,,,3157,78346.620534558,1788011395.6116965,0.8019457733333334,,0.0003,,,jg6p7o03,olive-sweep-2,baseline_full
,0.1382017582654953,30000,,,0.5197693579434524,3128628.0,,,3158,78383.28659502,1788011432.2522402,0.8018538133333334,,0.0003,,,jg6p7o03,olive-sweep-2,baseline_full
,0.3287738859653473,30000,,,0.7334792440031747,3146888.0,,,3176,78841.578815944,1788011890.5422268,0.8006973466666667,,0.0003,,,jg6p7o03,olive-sweep-2,baseline_full
,0.5048502683639526,30000,,,2.5748482548074167,3159228.0,,,3187,79152.149958114,1788012201.1062317,0.7999158133333333,,0.0003,,,jg6p7o03,olive-sweep-2,baseline_full
,0.4929487407207489,30000,,,2.1732322955907843,3166284.0,,,3195,79329.681542626,1788012378.6486738,0.7994689333333334,,0.0003,,,jg6p7o03,olive-sweep-2,baseline_full
,0.4873726963996887,30000,,,2.5834724999804117,3202340.0,,,3227,80229.321764237,1788013278.2838705,0.7971853866666667,,0.0003,,,jg6p7o03,olive-sweep-2,baseline_full
,0.3570277988910675,30000,,,1.762463088521446,3209876.0,,,3234,80416.335799923,1788013465.300417,0.7967081066666667,,0.0003,,,jg6p7o03,olive-sweep-2,baseline_full
,0.24606147408485413,30000,,,2.6627593363378175,3225504.0,,,3247,80805.883141917,1788013854.8393016,0.7957183333333334,,0.0003,,,jg6p7o03,olive-sweep-2,baseline_full
,0.28990399837493896,30000,,,4.438672679049386,3228716.0,,,3250,80885.489065675,1788013934.4564373,0.7955149066666666,,0.0003,,,jg6p7o03,olive-sweep-2,baseline_full
,0.3088763356208801,30000,,,2.2766160157879543,3231040.0,,,3252,80943.859844459,1788013992.8273108,0.79536772,,0.0003,,,jg6p7o03,olive-sweep-2,baseline_full
,0.2719078063964844,30000,,,1.318284633706632,3258420.0,,,3277,81628.889413357,1788014677.8548632,0.7936336533333334,,0.0003,,,jg6p7o03,olive-sweep-2,baseline_full
,0.37556135654449463,30000,,,4.804196723843606,3262732.0,,,3281,81737.551154471,1788014786.5042005,0.79336056,,0.0003,,,jg6p7o03,olive-sweep-2,baseline_full
,0.28485774993896484,30000,,,1.6971188627332974,3263760.0,,,3281,81763.581385617,1788014812.5373096,0.7932954533333333,,0.0003,,,jg6p7o03,olive-sweep-2,baseline_full
,0.4433903992176056,30000,,,7.469716319336851,3267272.0,,,3285,81851.293314612,1788014900.2543008,0.7930730266666667,,0.0003,,,jg6p7o03,olive-sweep-2,baseline_full
,0.3175369203090668,30000,,,3.1258170238917278,3284076.0,,,3301,82274.799641175,1788015323.7647207,0.7920087733333333,,0.0003,,,jg6p7o03,olive-sweep-2,baseline_full
,0.3877992033958435,30000,,,7.165636130099248,3292384.0,,,3308,82483.17689664,1788015532.1413386,0.7914826,,0.0003,,,jg6p7o03,olive-sweep-2,baseline_full
,0.2960805296897888,30000,,,0.8376886750051477,3297396.0,,,3313,82609.050238675,1788015658.0097547,0.7911651733333334,,0.0003,,,jg6p7o03,olive-sweep-2,baseline_full
,0.3839285969734192,30000,,,2.6483969476018236,3311088.0,,,3326,82951.725331471,1788016000.6920493,0.7902980133333333,,0.0003,,,jg6p7o03,olive-sweep-2,baseline_full
,0.27700307965278625,30000,,,5.60991736227433,3313016.0,,,3329,82999.475904172,1788016048.4460158,0.7901759066666667,,0.0003,,,jg6p7o03,olive-sweep-2,baseline_full
,0.4231874346733093,30000,,,11.493078132952991,3317284.0,,,3333,83105.718543244,1788016154.6752803,0.7899056,,0.0003,,,jg6p7o03,olive-sweep-2,baseline_full
,0.2767896056175232,30000,,,1.6829400435308128,3332532.0,,,3346,83484.256948792,1788016533.2229486,0.7889398933333334,,0.0003,,,jg6p7o03,olive-sweep-2,baseline_full
,0.2333434820175171,30000,,,1.2602215835324464,3345616.0,,,3359,83810.393883491,1788016859.362692,0.78811124,,0.0003,,,jg6p7o03,olive-sweep-2,baseline_full
,0.15946167707443237,30000,,,1.4606838161765685,3351476.0,,,3364,83956.912204941,1788017005.8698423,0.7877401066666666,,0.0003,,,jg6p7o03,olive-sweep-2,baseline_full
,0.32651615142822266,30000,,,2.58183184911457,3367300.0,,,3379,84350.779718096,1788017399.7479498,0.78673792,,0.0003,,,jg6p7o03,olive-sweep-2,baseline_full
,0.26992931962013245,30000,,,1.3661908085266432,3380524.0,,,3391,84680.618335251,1788017729.591359,0.7859003999999999,,0.0003,,,jg6p7o03,olive-sweep-2,baseline_full
,0.3190852105617523,30000,,,6.937585450151665,3381696.0,,,3391,84710.222391683,1788017759.1787975,0.7858261733333334,,0.0003,,,jg6p7o03,olive-sweep-2,baseline_full
,0.3773885667324066,30000,,,2.275962425348628,3459456.0,,,3462,86656.727646842,1788019705.6517036,0.7809013733333333,,0.0003,,,jg6p7o03,olive-sweep-2,baseline_full
,0.2785041928291321,30000,,,0.6950851561831334,3509692.0,,,3507,87912.889030322,1788020961.8909383,0.77771976,,0.0003,,,jg6p7o03,olive-sweep-2,baseline_full
,0.24511802196502686,30000,,,1.5583628059207093,3510820.0,,,3508,87941.36885297,1788020990.3248084,0.7776483200000001,,0.0003,,,jg6p7o03,olive-sweep-2,baseline_full
,0.3107374906539917,30000,,,1.8420582392819556,3528700.0,,,3524,88389.086039077,1788021438.0677767,0.77651592,,0.0003,,,jg6p7o03,olive-sweep-2,baseline_full
,0.414185106754303,30000,,,2.6531142959806444,3536720.0,,,3532,88587.463495429,1788021636.431531,0.7760079866666667,,0.0003,,,jg6p7o03,olive-sweep-2,baseline_full
,0.46391743421554565,30000,,,1.7111279424253494,3562604.0,,,3556,89177.615239964,1788022226.5928895,0.7743686666666667,,0.0003,,,jg6p7o03,olive-sweep-2,baseline_full
,0.3678058981895447,30000,,,1.5702910849100309,3567200.0,,,3560,89277.504797244,1788022326.4805148,0.7740775866666667,,0.0003,,,jg6p7o03,olive-sweep-2,baseline_full
,0.3876325786113739,30000,,,2.8129478729115274,3609368.0,,,3599,90194.772574123,1788023243.747638,0.7714069466666666,,0.0003,,,jg6p7o03,olive-sweep-2,baseline_full
,0.22302848100662231,30000,,,1.029452311844208,3613204.0,,,3601,90278.212229961,1788023327.1877594,0.7711640000000001,,0.0003,,,jg6p7o03,olive-sweep-2,baseline_full
,0.017300229519605637,3082,,,0.057248515545950306,3092.0,,,1,48.95561718,1787933099.5564933,0.9998044266666667,,0.0003,,,36c2lv5c,fast-sweep-3,d5_full_hard_noPred
,0.02384050190448761,3594,,,0.0790867044694994,3608.0,,,3,62.645992637,1787933113.2777822,0.9997717466666667,,0.0003,,,36c2lv5c,fast-sweep-3,d5_full_hard_noPred
,0.0442916676402092,23479,,,0.020205844909156848,23536.0,,,25,562.358124593,1787933612.9697042,0.99850964,,0.0003,,,36c2lv5c,fast-sweep-3,d5_full_hard_noPred
,0.014309033751487732,30000,,,0.04822148978345233,34672.0,,,39,840.040645539,1787933890.657534,0.9978043600000001,,0.0003,,,36c2lv5c,fast-sweep-3,d5_full_hard_noPred
,0.0032095792703330517,30000,,,0.025171213058928367,45820.0,,,52,1122.113811779,1787934172.725445,0.99709832,,0.0003,,,36c2lv5c,fast-sweep-3,d5_full_hard_noPred
,0.0019173878245055676,30000,,,0.015006746966995855,53152.0,,,60,1304.991595268,1787934355.6076455,0.99663396,,0.0003,,,36c2lv5c,fast-sweep-3,d5_full_hard_noPred
,0.0012657179031521082,30000,,,0.021581612993340257,61472.0,,,70,1514.367178804,1787934564.9980829,0.9961070266666666,,0.0003,,,36c2lv5c,fast-sweep-3,d5_full_hard_noPred
,0.0006380538106895983,30000,,,0.020578803080586103,96892.0,,,113,2396.432910198,1787935447.042871,0.99386376,,0.0003,,,36c2lv5c,fast-sweep-3,d5_full_hard_noPred
,0.0030766348354518414,30000,,,0.05699451791085446,134520.0,,,157,3338.254324458,1787936388.8862493,0.9914806533333334,,0.0003,,,36c2lv5c,fast-sweep-3,d5_full_hard_noPred
,0.0026885471306741238,30000,,,0.06193922096419903,137224.0,,,160,3405.540329067,1787936456.1723442,0.9913094,,0.0003,,,36c2lv5c,fast-sweep-3,d5_full_hard_noPred
,0.0018559563905000687,30000,,,0.04652781628678219,180336.0,,,211,4474.784603427,1787937525.3998933,0.9885789733333333,,0.0003,,,36c2lv5c,fast-sweep-3,d5_full_hard_noPred
,0.001232270966283977,30000,,,0.022158832065151096,190152.0,,,223,4719.669606836,1787937770.297342,0.9879572933333334,,0.0003,,,36c2lv5c,fast-sweep-3,d5_full_hard_noPred
,0.00451636640354991,30000,,,0.0445815855865572,207760.0,,,244,5158.037537954,1787938208.6435466,0.9868421199999999,,0.0003,,,36c2lv5c,fast-sweep-3,d5_full_hard_noPred
,0.0033030989579856396,30000,,,0.05880054620311408,219084.0,,,256,5439.80665185,1787938490.4138455,0.9861249333333333,,0.0003,,,36c2lv5c,fast-sweep-3,d5_full_hard_noPred
,0.003086207201704383,30000,,,0.04231541728516075,224348.0,,,263,5569.544944689,1787938620.1908257,0.9857915466666666,,0.0003,,,36c2lv5c,fast-sweep-3,d5_full_hard_noPred
,0.004096908029168844,30000,,,0.03711474671998327,242208.0,,,284,6015.257482673,1787939065.8738701,0.9846604133333334,,0.0003,,,36c2lv5c,fast-sweep-3,d5_full_hard_noPred
,0.0028959305491298437,30000,,,0.027311893577579807,246884.0,,,288,6132.752764042,1787939183.3884308,0.9843642666666668,,0.0003,,,36c2lv5c,fast-sweep-3,d5_full_hard_noPred
,0.0015222863294184208,30000,,,0.02036151996207756,248260.0,,,292,6167.031899722,1787939217.6423433,0.98427712,,0.0003,,,36c2lv5c,fast-sweep-3,d5_full_hard_noPred
,0.0038622603751719,30000,,,0.03916892764887497,254656.0,,,299,6325.406334471,1787939376.0111313,0.98387204,,0.0003,,,36c2lv5c,fast-sweep-3,d5_full_hard_noPred
,0.001399608445353806,30000,,,0.018521097425662502,271068.0,,,318,6734.082711221,1787939784.6998148,0.9828326133333334,,0.0003,,,36c2lv5c,fast-sweep-3,d5_full_hard_noPred
,0.0028524959925562143,30000,,,0.03545071219571732,286852.0,,,336,7120.551073862,1787940171.1659853,0.98183296,,0.0003,,,36c2lv5c,fast-sweep-3,d5_full_hard_noPred
,0.002379944082349539,30000,,,0.034931143230954385,313852.0,,,369,7792.702165844,1787940843.3155322,0.98012296,,0.0003,,,36c2lv5c,fast-sweep-3,d5_full_hard_noPred
,0.0012847528560087085,30000,,,0.023758167249060377,327224.0,,,385,8126.433697663,1787941177.05042,0.9792760666666667,,0.0003,,,36c2lv5c,fast-sweep-3,d5_full_hard_noPred
,0.002044434892013669,30000,,,0.03583250586664186,363460.0,,,427,9028.136263562,1787942078.7432468,0.97698112,,0.0003,,,36c2lv5c,fast-sweep-3,d5_full_hard_noPred
,0.0022481814958155155,30000,,,0.03773934671476408,368716.0,,,435,9157.989330015,1787942208.5622423,0.9766482400000001,,0.0003,,,36c2lv5c,fast-sweep-3,d5_full_hard_noPred
,0.0013851376716047525,30000,,,0.01868140162933447,394808.0,,,464,9808.050764026,1787942858.6551023,0.9749957466666667,,0.0003,,,36c2lv5c,fast-sweep-3,d5_full_hard_noPred
,0.001234890427440405,30000,,,0.021952190217437915,408672.0,,,480,10155.258374369,1787943205.8724568,0.9741176933333333,,0.0003,,,36c2lv5c,fast-sweep-3,d5_full_hard_noPred
,0.0027543671894818544,30000,,,0.034315564240026145,417520.0,,,491,10375.610485616,1787943426.2234054,0.97355732,,0.0003,,,36c2lv5c,fast-sweep-3,d5_full_hard_noPred
,0.0013528846902772784,30000,,,0.02416177681872995,475748.0,,,561,11821.959373763,1787944872.575544,0.9698695466666666,,0.0003,,,36c2lv5c,fast-sweep-3,d5_full_hard_noPred
,0.002508507575839758,30000,,,0.04486347228113247,487032.0,,,574,12104.819032873,1787945155.388835,0.9691548933333334,,0.0003,,,36c2lv5c,fast-sweep-3,d5_full_hard_noPred
28.0,0.0019864256028085947,30000,138.0,85.0,0.03453483809199292,521712.0,-20.0,-1.0,614,12969.250407832,1787946019.8545208,0.9669584933333334,-20.0,0.0003,25.0,0.0,36c2lv5c,fast-sweep-3,d5_full_hard_noPred
,0.0017426253762096167,30000,,,0.03087356204323098,522848.0,,,617,12997.351037987,1787946047.9700153,0.9668865466666667,,0.0003,,,36c2lv5c,fast-sweep-3,d5_full_hard_noPred
,0.002581859938800335,30000,,,0.044138496147191175,536260.0,,,631,13331.092767868,1787946381.7227209,0.9660371200000001,,0.0003,,,36c2lv5c,fast-sweep-3,d5_full_hard_noPred
,0.0028778123669326305,30000,,,0.04580272715796189,537260.0,,,633,13355.950927639,1787946406.5642521,0.9659737866666667,,0.0003,,,36c2lv5c,fast-sweep-3,d5_full_hard_noPred
,0.002547093201428652,30000,,,0.030168454332036652,547112.0,,,645,13602.155740277,1787946652.769447,0.9653498266666667,,0.0003,,,36c2lv5c,fast-sweep-3,d5_full_hard_noPred
,0.0026156657841056585,30000,,,0.038991380067067906,574400.0,,,677,14282.913228605,1787947333.5518534,0.9636215866666666,,0.0003,,,36c2lv5c,fast-sweep-3,d5_full_hard_noPred
,0.0038144311401993036,30000,,,0.05126436834767453,590056.0,,,696,14678.132836242,1787947728.7370448,0.9626300400000001,,0.0003,,,36c2lv5c,fast-sweep-3,d5_full_hard_noPred
,0.002573979552835226,30000,,,0.040458317156822875,593228.0,,,698,14757.134832483,1787947807.698504,0.9624291466666667,,0.0003,,,36c2lv5c,fast-sweep-3,d5_full_hard_noPred
,0.0022827661596238613,30000,,,0.04049485354913079,604672.0,,,714,15041.537953267,1787948092.1549296,0.96170436,,0.0003,,,36c2lv5c,fast-sweep-3,d5_full_hard_noPred
,0.0020323898643255234,30000,,,0.034641804933887584,606784.0,,,715,15094.708939486,1787948145.32275,0.9615705999999999,,0.0003,,,36c2lv5c,fast-sweep-3,d5_full_hard_noPred
,0.0077688321471214294,30000,,,0.0714571499690349,673024.0,,,794,16742.325661807,1787949792.942709,0.9573754,,0.0003,,,36c2lv5c,fast-sweep-3,d5_full_hard_noPred
,0.0013086318504065275,30000,,,0.02751216303637188,692368.0,,,815,17220.407632636,1787950271.0202143,0.95615028,,0.0003,,,36c2lv5c,fast-sweep-3,d5_full_hard_noPred
,0.0012912884121760726,30000,,,0.023861522356942843,694808.0,,,819,17280.874774716,1787950331.499747,0.9559957466666666,,0.0003,,,36c2lv5c,fast-sweep-3,d5_full_hard_noPred
,0.0018963017500936985,30000,,,0.028515329502891755,696040.0,,,820,17311.502591615,1787950362.115942,0.9559177200000001,,0.0003,,,36c2lv5c,fast-sweep-3,d5_full_hard_noPred
,0.0030694426968693733,30000,,,0.03214639931260102,705760.0,,,832,17555.395779009,1787950606.0012007,0.9553021199999999,,0.0003,,,36c2lv5c,fast-sweep-3,d5_full_hard_noPred
,0.002565977396443486,30000,,,0.024777485500333554,706676.0,,,834,17578.523727097,1787950629.1389735,0.9552441066666667,,0.0003,,,36c2lv5c,fast-sweep-3,d5_full_hard_noPred
,0.0013158844085410237,30000,,,0.023976056066486073,732764.0,,,863,18226.435887656,1787951277.0444226,0.9535918666666666,,0.0003,,,36c2lv5c,fast-sweep-3,d5_full_hard_noPred
,0.0023304778151214123,30000,,,0.037836028150554896,755576.0,,,889,18798.505160439,1787951849.130818,0.9521471066666667,,0.0003,,,36c2lv5c,fast-sweep-3,d5_full_hard_noPred
,0.002568482654169202,30000,,,0.039426456548350655,823564.0,,,969,20500.388335568,1787953550.996093,0.9478412,,0.0003,,,36c2lv5c,fast-sweep-3,d5_full_hard_noPred
,0.00187241705134511,30000,,,0.03295572702867599,829876.0,,,977,20658.489269266,1787953709.1287487,0.9474414400000001,,0.0003,,,36c2lv5c,fast-sweep-3,d5_full_hard_noPred
,0.0024084255564957857,30000,,,0.036596606835065625,836240.0,,,984,20817.75043435,1787953868.3628838,0.9470383866666666,,0.0003,,,36c2lv5c,fast-sweep-3,d5_full_hard_noPred
,0.0016864200588315725,30000,,,0.02886240264985134,839960.0,,,988,20910.953731446,1787953961.5769837,0.9468027866666666,,0.0003,,,36c2lv5c,fast-sweep-3,d5_full_hard_noPred
,0.0016802775207906961,30000,,,0.02890260028944839,840824.0,,,989,20932.730278584,1787953983.2885957,0.9467480666666667,,0.0003,,,36c2lv5c,fast-sweep-3,d5_full_hard_noPred
,0.0016027067322283983,30000,,,0.02722241180136467,884152.0,,,1040,22018.023389814,1787955068.650945,0.94400396,,0.0003,,,36c2lv5c,fast-sweep-3,d5_full_hard_noPred
,0.004223409108817577,30000,,,0.040875470868385375,897952.0,,,1057,22362.555654447,1787955413.1733332,0.94312996,,0.0003,,,36c2lv5c,fast-sweep-3,d5_full_hard_noPred
,0.0019704876467585564,30000,,,0.03285090635555375,909052.0,,,1069,22637.89923608,1787955688.5107107,0.94242696,,0.0003,,,36c2lv5c,fast-sweep-3,d5_full_hard_noPred
,0.0020038848742842674,30000,,,0.03335055962652254,910004.0,,,1071,22660.949204011,1787955711.5593882,0.9423666666666667,,0.0003,,,36c2lv5c,fast-sweep-3,d5_full_hard_noPred
,0.0024251770228147507,30000,,,0.04301120783230667,955224.0,,,1122,23791.746869772,1787956842.3650253,0.9395027333333333,,0.0003,,,36c2lv5c,fast-sweep-3,d5_full_hard_noPred
,0.0014888315927237272,30000,,,0.02764357770218647,971112.0,,,1141,24191.083462355,1787957241.6906471,0.9384964933333334,,0.0003,,,36c2lv5c,fast-sweep-3,d5_full_hard_noPred
,0.0029898113571107388,30000,,,0.03132839903643246,985180.0,,,1157,24542.420408173,1787957593.0454426,0.93760552,,0.0003,,,36c2lv5c,fast-sweep-3,d5_full_hard_noPred
,0.0013467981480062008,30000,,,0.022628553160330245,1011772.0,,,1187,25205.867081468,1787958256.4735782,0.9359213599999999,,0.0003,,,36c2lv5c,fast-sweep-3,d5_full_hard_noPred
,0.0011328408727422357,30000,,,0.021569120218704736,1022076.0,,,1200,25461.16413232,1787958511.7747953,0.9352687733333334,,0.0003,,,36c2lv5c,fast-sweep-3,d5_full_hard_noPred
,0.0026956412475556135,30000,,,0.03380997365698173,1025896.0,,,1205,25555.675182169,1787958606.2925177,0.93502684,,0.0003,,,36c2lv5c,fast-sweep-3,d5_full_hard_noPred
,0.0012464411556720734,30000,,,0.021280426611904574,1040224.0,,,1222,25911.29934392,1787958961.916911,0.9341194,,0.0003,,,36c2lv5c,fast-sweep-3,d5_full_hard_noPred
,0.0018358303932473063,30000,,,0.027161143054747944,1063876.0,,,1250,26503.626916361,1787959554.2334971,0.93262144,,0.0003,,,36c2lv5c,fast-sweep-3,d5_full_hard_noPred
,0.0018334907945245504,30000,,,0.025850464887870506,1073584.0,,,1261,26746.128938552,1787959796.745895,0.9320066,,0.0003,,,36c2lv5c,fast-sweep-3,d5_full_hard_noPred
,0.0012107808142900467,30000,,,0.019111296057467544,1082812.0,,,1270,26975.435666327,1787960026.0481598,0.93142216,,0.0003,,,36c2lv5c,fast-sweep-3,d5_full_hard_noPred
,0.0021919608116149902,30000,,,0.031925440876099255,1091476.0,,,1281,27190.625828705,1787960241.2550733,0.93087344,,0.0003,,,36c2lv5c,fast-sweep-3,d5_full_hard_noPred
,0.001149056013673544,30000,,,0.025836038678189503,1112088.0,,,1303,27707.003452616,1787960757.616897,0.9295680133333334,,0.0003,,,36c2lv5c,fast-sweep-3,d5_full_hard_noPred
,0.0021466368343681097,30000,,,0.03511612455248253,1141352.0,,,1338,28439.704917487,1787961490.3168967,0.9277146266666667,,0.0003,,,36c2lv5c,fast-sweep-3,d5_full_hard_noPred
,0.0012623536167666316,30000,,,0.025242086413544102,1151916.0,,,1349,28700.555694127,1787961751.1696453,0.9270455733333334,,0.0003,,,36c2lv5c,fast-sweep-3,d5_full_hard_noPred
,0.0025712070055305958,30000,,,0.03633198339866415,1190368.0,,,1395,29656.431904594,1787962707.040814,0.92461028,,0.0003,,,36c2lv5c,fast-sweep-3,d5_full_hard_noPred
,0.0021165008656680584,30000,,,0.03147746512628474,1210508.0,,,1419,30154.830376044,1787963205.4447427,0.9233347466666667,,0.0003,,,36c2lv5c,fast-sweep-3,d5_full_hard_noPred
,0.0013846063520759344,30000,,,0.02532839643627634,1239460.0,,,1451,30874.896419332,1787963925.5096674,0.9215011200000001,,0.0003,,,36c2lv5c,fast-sweep-3,d5_full_hard_noPred
,0.0011979596456512809,30000,,,0.02074100280673671,1271112.0,,,1489,31665.968406534,1787964716.5822299,0.9194964933333334,,0.0003,,,36c2lv5c,fast-sweep-3,d5_full_hard_noPred
,0.0017438477370887995,30000,,,0.03146338819179525,1274328.0,,,1494,31745.737008896,1787964796.3460948,0.9192928133333333,,0.0003,,,36c2lv5c,fast-sweep-3,d5_full_hard_noPred
,0.0015978662995621562,30000,,,0.023661432430406595,1304020.0,,,1528,32487.354181583,1787965537.9678338,0.9174123200000001,,0.0003,,,36c2lv5c,fast-sweep-3,d5_full_hard_noPred
,0.0012833860237151384,30000,,,0.01870542074034802,1310932.0,,,1536,32660.210517799,1787965710.8422441,0.91697456,,0.0003,,,36c2lv5c,fast-sweep-3,d5_full_hard_noPred
,0.00150200049392879,30000,,,0.029313246195954754,1311820.0,,,1538,32681.705931349,1787965732.3294985,0.91691832,,0.0003,,,36c2lv5c,fast-sweep-3,d5_full_hard_noPred
,0.0015564783243462443,30000,,,0.0270056133433426,1387184.0,,,1623,34549.457069634,1787967600.0748265,0.9121452666666666,,0.0003,,,36c2lv5c,fast-sweep-3,d5_full_hard_noPred
,0.00268524675630033,30000,,,0.04147566246539884,1472756.0,,,1722,36673.085993396,1787969723.7010112,0.9067257066666666,,0.0003,,,36c2lv5c,fast-sweep-3,d5_full_hard_noPred
,0.002410112414509058,30000,,,0.030645676696416484,1478068.0,,,1728,36805.066195277,1787969855.6847544,0.90638928,,0.0003,,,36c2lv5c,fast-sweep-3,d5_full_hard_noPred
,0.002195158274844289,30000,,,0.0327066894253368,1520372.0,,,1777,37854.513236089,1787970905.1272414,0.9037100266666667,,0.0003,,,36c2lv5c,fast-sweep-3,d5_full_hard_noPred
,0.0015989216044545174,30000,,,0.019412725951265804,1571944.0,,,1836,39134.341014465,1787972184.9584017,0.9004438,,0.0003,,,36c2lv5c,fast-sweep-3,d5_full_hard_noPred
,0.0012182968202978373,30000,,,0.02281472621904177,1584248.0,,,1852,39439.226101301,1787972489.8474786,0.8996645466666666,,0.0003,,,36c2lv5c,fast-sweep-3,d5_full_hard_noPred
,0.002136842580512166,30000,,,0.03648808217485792,1589024.0,,,1856,39557.707841583,1787972608.3208897,0.8993620666666667,,0.0003,,,36c2lv5c,fast-sweep-3,d5_full_hard_noPred
,0.003346283221617341,30000,,,0.03598873243352038,1603184.0,,,1873,39910.252334718,1787972960.8767798,0.8984652666666667,,0.0003,,,36c2lv5c,fast-sweep-3,d5_full_hard_noPred
,0.0020777417812496424,30000,,,0.0363057996577984,1623300.0,,,1896,40409.394564757,1787973460.0083861,0.8971912533333333,,0.0003,,,36c2lv5c,fast-sweep-3,d5_full_hard_noPred
,0.001340589253231883,30000,,,0.022688181945745164,1630084.0,,,1904,40578.286601886,1787973628.8967924,0.8967616,,0.0003,,,36c2lv5c,fast-sweep-3,d5_full_hard_noPred
,0.0022359914146363735,30000,,,0.03611949943448966,1650984.0,,,1928,41096.695507055,1787974147.315686,0.8954379333333333,,0.0003,,,36c2lv5c,fast-sweep-3,d5_full_hard_noPred
,0.0014061415567994118,30000,,,0.02344687329543314,1657076.0,,,1934,41248.739289796,1787974299.3043156,0.8950521066666667,,0.0003,,,36c2lv5c,fast-sweep-3,d5_full_hard_noPred
,0.0016962792724370956,30000,,,0.022388276839892134,1670536.0,,,1948,41581.218899197,1787974631.8348527,0.89419964,,0.0003,,,36c2lv5c,fast-sweep-3,d5_full_hard_noPred
23.0,0.0020668157376348972,30000,145.0,100.0,0.033235937324708996,1690068.0,-21.0,-1.0,1971,42063.417747228,1787975114.0327103,0.8929626133333334,-21.0,0.0003,22.0,0.0,36c2lv5c,fast-sweep-3,d5_full_hard_noPred
,0.0019984974060207605,30000,,,0.034306152838460745,1723920.0,,,2012,42905.284870382,1787975955.9064245,0.8908186533333334,,0.0003,,,36c2lv5c,fast-sweep-3,d5_full_hard_noPred
,0.0016949025448411703,30000,,,0.028363040038115805,1739064.0,,,2029,43280.336583389,1787976330.9559846,0.8898595333333333,,0.0003,,,36c2lv5c,fast-sweep-3,d5_full_hard_noPred
,0.0009716726490296423,30000,,,0.01821522896430348,1756232.0,,,2048,43706.219894065,1787976756.8374932,0.8887722266666667,,0.0003,,,36c2lv5c,fast-sweep-3,d5_full_hard_noPred
,0.0018903166055679321,30000,,,0.024899536536642636,1796380.0,,,2093,44700.402280447,1787977751.0238647,0.88622952,,0.0003,,,36c2lv5c,fast-sweep-3,d5_full_hard_noPred
,0.002085896674543619,30000,,,0.032127257609749375,1830384.0,,,2132,45543.754661093,1787978594.3691678,0.8840759333333333,,0.0003,,,36c2lv5c,fast-sweep-3,d5_full_hard_noPred
,0.0016937253531068563,30000,,,0.023662377723791955,1844188.0,,,2148,45886.684987947,1787978937.293538,0.88320168,,0.0003,,,36c2lv5c,fast-sweep-3,d5_full_hard_noPred
,0.0024171555414795876,30000,,,0.03725433486382429,1849324.0,,,2153,46014.228903686,1787979064.8358955,0.8828764,,0.0003,,,36c2lv5c,fast-sweep-3,d5_full_hard_noPred
,0.0023626182228326797,30000,,,0.03497645912136382,1875532.0,,,2184,46670.75628711,1787979721.4107034,0.88121656,,0.0003,,,36c2lv5c,fast-sweep-3,d5_full_hard_noPred
,0.002056700177490711,30000,,,0.023358096867788773,1891936.0,,,2204,47079.508041229,1787980130.134851,0.88017764,,0.0003,,,36c2lv5c,fast-sweep-3,d5_full_hard_noPred
,0.0019141907105222344,30000,,,0.028980003206107097,1896432.0,,,2208,47189.259990925,1787980239.8770957,0.8798928933333333,,0.0003,,,36c2lv5c,fast-sweep-3,d5_full_hard_noPred
,0.0021014700178056955,30000,,,0.0335888544922622,1901084.0,,,2213,47303.96868662,1787980354.5777988,0.8795982666666666,,0.0003,,,36c2lv5c,fast-sweep-3,d5_full_hard_noPred
,0.0018959450535476208,30000,,,0.02714053126229305,1901376.0,,,2215,47311.209555612,1787980361.8254445,0.8795797733333334,,0.0003,,,36c2lv5c,fast-sweep-3,d5_full_hard_noPred
,0.0020741375628858805,30000,,,0.032763631964933725,1916308.0,,,2231,47683.335068322,1787980733.9425633,0.87863408,,0.0003,,,36c2lv5c,fast-sweep-3,d5_full_hard_noPred
,0.002109963446855545,30000,,,0.030166207127219343,1928760.0,,,2245,47993.037073767,1787981043.6551292,0.8778454533333334,,0.0003,,,36c2lv5c,fast-sweep-3,d5_full_hard_noPred
,0.0024287914857268333,30000,,,0.03723462283321128,1973436.0,,,2296,49098.341408915,1787982148.9463031,0.8750159733333334,,0.0003,,,36c2lv5c,fast-sweep-3,d5_full_hard_noPred
,0.0029360968619585037,30000,,,0.05429361021228067,1982072.0,,,2305,49312.219276748,1787982362.834728,0.8744690266666666,,0.0003,,,36c2lv5c,fast-sweep-3,d5_full_hard_noPred
,0.0021337615326046944,30000,,,0.03338118304228387,2000704.0,,,2325,49777.259619741,1787982827.8747702,0.873289,,0.0003,,,36c2lv5c,fast-sweep-3,d5_full_hard_noPred
,0.00253806309774518,30000,,,0.04171368746840776,2003952.0,,,2329,49857.587717557,1787982908.1669753,0.8730832933333333,,0.0003,,,36c2lv5c,fast-sweep-3,d5_full_hard_noPred
,0.002535842824727297,30000,,,0.03438571911335162,2077988.0,,,2414,51692.20681805,1787984742.8222957,0.8683943466666667,,0.0003,,,36c2lv5c,fast-sweep-3,d5_full_hard_noPred
,0.0030209319666028023,30000,,,0.03700340944504867,2091464.0,,,2430,52028.226958889,1787985078.8478832,0.8675408666666666,,0.0003,,,36c2lv5c,fast-sweep-3,d5_full_hard_noPred
,0.0017788006225600839,30000,,,0.026051225857317284,2094696.0,,,2434,52108.66510384,1787985159.2851593,0.8673361733333333,,0.0003,,,36c2lv5c,fast-sweep-3,d5_full_hard_noPred
,0.0026070072781294584,30000,,,0.03905823630973314,2111904.0,,,2454,52537.345116162,1787985587.9521732,0.8662463333333333,,0.0003,,,36c2lv5c,fast-sweep-3,d5_full_hard_noPred
,0.002586374059319496,30000,,,0.03163546228393503,2118928.0,,,2461,52710.679103793,1787985761.2941039,0.86580148,,0.0003,,,36c2lv5c,fast-sweep-3,d5_full_hard_noPred
,0.0033557130955159664,30000,,,0.05164057186970587,2147856.0,,,2495,53427.943900145,1787986478.554523,0.8639693733333333,,0.0003,,,36c2lv5c,fast-sweep-3,d5_full_hard_noPred
,0.0035714074037969112,30000,,,0.050321557928080456,2236152.0,,,2597,55619.444434579,1787988670.060255,0.8583772933333333,,0.0003,,,36c2lv5c,fast-sweep-3,d5_full_hard_noPred
,0.001703387824818492,30000,,,0.02734380661085152,2285916.0,,,2653,56856.443518283,1787989907.0619106,0.8552255733333334,,0.0003,,,36c2lv5c,fast-sweep-3,d5_full_hard_noPred
,0.002591860480606556,30000,,,0.04448777696189136,2288168.0,,,2656,56912.287810714,1787989962.9021957,0.8550829466666667,,0.0003,,,36c2lv5c,fast-sweep-3,d5_full_hard_noPred
,0.0028986670076847076,30000,,,0.041705011176529166,2334276.0,,,2708,58053.893416225,1787991104.5164523,0.8521627733333333,,0.0003,,,36c2lv5c,fast-sweep-3,d5_full_hard_noPred
,0.0034581487998366356,30000,,,0.03700270557853993,2343432.0,,,2717,58282.116870238,1787991332.7301362,0.8515828933333334,,0.0003,,,36c2lv5c,fast-sweep-3,d5_full_hard_noPred
,0.0017961652483791113,30000,,,0.026621903162940434,2358280.0,,,2736,58650.287955292,1787991700.906017,0.8506425200000001,,0.0003,,,36c2lv5c,fast-sweep-3,d5_full_hard_noPred
,0.0016632794868201017,30000,,,0.02127402509462139,2376116.0,,,2756,59090.494264309,1787992141.1205802,0.8495129066666667,,0.0003,,,36c2lv5c,fast-sweep-3,d5_full_hard_noPred
,0.0013069238048046827,30000,,,0.02357133843836505,2381508.0,,,2763,59224.106153459,1787992274.7247708,0.8491714133333333,,0.0003,,,36c2lv5c,fast-sweep-3,d5_full_hard_noPred
,0.004192855209112167,30000,,,0.04550358271217571,2403492.0,,,2788,59766.968892375,1787992817.5765955,0.8477790933333333,,0.0003,,,36c2lv5c,fast-sweep-3,d5_full_hard_noPred
,0.0028444798663258553,30000,,,0.03612780756185637,2405048.0,,,2790,59805.678392033,1787992856.2895682,0.8476805466666667,,0.0003,,,36c2lv5c,fast-sweep-3,d5_full_hard_noPred
,0.0008059163228608668,30000,,,0.014423966028991335,2424768.0,,,2812,60293.872048499,1787993344.486787,0.8464316133333333,,0.0003,,,36c2lv5c,fast-sweep-3,d5_full_hard_noPred
,0.0021372027695178986,30000,,,0.03260987330000672,2473644.0,,,2866,61507.220499687,1787994557.844342,0.8433361333333333,,0.0003,,,36c2lv5c,fast-sweep-3,d5_full_hard_noPred
,0.001232481561601162,30000,,,0.016279129533176437,2503848.0,,,2901,62255.769471674,1787995306.3409963,0.8414232133333334,,0.0003,,,36c2lv5c,fast-sweep-3,d5_full_hard_noPred
,0.0019087550463154912,30000,,,0.025567325579957566,2615460.0,,,3024,65029.975392051,1787998080.607348,0.8343544533333334,,0.0003,,,36c2lv5c,fast-sweep-3,d5_full_hard_noPred
,0.0011560460552573204,30000,,,0.01955836623691224,2616868.0,,,3026,65064.933091799,1787998115.5588858,0.83426528,,0.0003,,,36c2lv5c,fast-sweep-3,d5_full_hard_noPred
,0.0026131283957511187,30000,,,0.03324231893744497,2640828.0,,,3054,65656.284428128,1787998706.892256,0.8327478133333334,,0.0003,,,36c2lv5c,fast-sweep-3,d5_full_hard_noPred
,0.0015179261099547148,30000,,,0.02262084759652064,2651708.0,,,3066,65927.499782969,1787998978.1155474,0.8320587466666667,,0.0003,,,36c2lv5c,fast-sweep-3,d5_full_hard_noPred
,0.0035352990962564945,30000,,,0.04936981672696677,2653844.0,,,3070,65979.737192219,1787999030.3617961,0.8319234666666667,,0.0003,,,36c2lv5c,fast-sweep-3,d5_full_hard_noPred
,0.0027400520630180836,30000,,,0.034866887913700455,2668540.0,,,3086,66346.255228834,1787999396.8721454,0.83099272,,0.0003,,,36c2lv5c,fast-sweep-3,d5_full_hard_noPred
,0.002971382811665535,30000,,,0.04940460497224421,2687908.0,,,3108,66826.955346481,1787999877.5713642,0.8297660800000001,,0.0003,,,36c2lv5c,fast-sweep-3,d5_full_hard_noPred
,0.0018607494421303272,30000,,,0.02787685062420054,2744284.0,,,3171,68221.146415446,1788001271.7618344,0.8261956,,0.0003,,,36c2lv5c,fast-sweep-3,d5_full_hard_noPred
,0.0021461285650730133,30000,,,0.03250719984269915,2750988.0,,,3178,68387.75614267,1788001438.372996,0.8257710133333334,,0.0003,,,36c2lv5c,fast-sweep-3,d5_full_hard_noPred
,0.004402548540383577,30000,,,0.04381584210073554,2755704.0,,,3183,68505.375518499,1788001555.987596,0.8254723333333334,,0.0003,,,36c2lv5c,fast-sweep-3,d5_full_hard_noPred
,0.0020261984318494797,30000,,,0.030868085324682146,2797956.0,,,3230,69552.213766378,1788002602.828798,0.8227963733333333,,0.0003,,,36c2lv5c,fast-sweep-3,d5_full_hard_noPred
,0.0020576207898557186,30000,,,0.03376819929008246,2804644.0,,,3238,69718.078833729,1788002768.697228,0.8223728,,0.0003,,,36c2lv5c,fast-sweep-3,d5_full_hard_noPred
,0.002102613914757967,30000,,,0.0319044022611725,2830936.0,,,3269,70368.283515602,1788003418.8967087,0.82070764,,0.0003,,,36c2lv5c,fast-sweep-3,d5_full_hard_noPred
,0.001907518832013011,30000,,,0.03121019730052189,2839392.0,,,3279,70577.865366495,1788003628.4856057,0.8201720933333334,,0.0003,,,36c2lv5c,fast-sweep-3,d5_full_hard_noPred
,0.0024297174531966448,30000,,,0.03403444267862259,2840300.0,,,3279,70600.363253189,1788003650.9963398,0.8201145866666667,,0.0003,,,36c2lv5c,fast-sweep-3,d5_full_hard_noPred
,0.001992398640140891,30000,,,0.029922813226181247,2843904.0,,,3283,70687.796536887,1788003738.399882,0.8198863333333334,,0.0003,,,36c2lv5c,fast-sweep-3,d5_full_hard_noPred
,0.0031341942958533764,30000,,,0.03903742546977701,2887056.0,,,3330,71757.798573572,1788004808.4050097,0.8171533733333334,,0.0003,,,36c2lv5c,fast-sweep-3,d5_full_hard_noPred
,0.004269149620085955,30000,,,0.04065651905886019,2915040.0,,,3362,72454.03357462,1788005504.6415854,0.8153810533333333,,0.0003,,,36c2lv5c,fast-sweep-3,d5_full_hard_noPred
,0.0013713673688471317,30000,,,0.019326531566151404,2924712.0,,,3372,72696.869542146,1788005747.4782517,0.8147684933333333,,0.0003,,,36c2lv5c,fast-sweep-3,d5_full_hard_noPred
,0.0034985546953976154,30000,,,0.04293089328732722,2925820.0,,,3374,72724.735497106,1788005775.3627179,0.8146983200000001,,0.0003,,,36c2lv5c,fast-sweep-3,d5_full_hard_noPred
,0.004515964072197676,30000,,,0.053820252610245645,2947036.0,,,3399,73249.685492857,1788006300.3019147,0.81335464,,0.0003,,,36c2lv5c,fast-sweep-3,d5_full_hard_noPred
,0.0032194494269788265,30000,,,0.03902227413720359,2949544.0,,,3401,73311.389496265,1788006362.005552,0.8131958,,0.0003,,,36c2lv5c,fast-sweep-3,d5_full_hard_noPred
,0.0032763341441750526,30000,,,0.04153007723414732,2950340.0,,,3402,73331.167937782,1788006381.7987804,0.8131453866666667,,0.0003,,,36c2lv5c,fast-sweep-3,d5_full_hard_noPred
,0.0023986464366316795,30000,,,0.03300364606968364,2976172.0,,,3432,73971.826185372,1788007022.4334557,0.81150936,,0.0003,,,36c2lv5c,fast-sweep-3,d5_full_hard_noPred
,0.0015235026367008686,30000,,,0.0206556788961717,2986864.0,,,3443,74236.093405651,1788007286.7088308,0.8108322,,0.0003,,,36c2lv5c,fast-sweep-3,d5_full_hard_noPred
,0.0029185896273702383,30000,,,0.04248382178615859,2988740.0,,,3444,74281.789651234,1788007332.3994453,0.8107133866666667,,0.0003,,,36c2lv5c,fast-sweep-3,d5_full_hard_noPred
,0.002977043157443404,30000,,,0.04035059604135247,2991948.0,,,3448,74362.698775308,1788007413.315474,0.8105102133333334,,0.0003,,,36c2lv5c,fast-sweep-3,d5_full_hard_noPred
,0.0030880020931363106,30000,,,0.036943841728204266,3013164.0,,,3472,74890.919480565,1788007941.5337667,0.8091665333333333,,0.0003,,,36c2lv5c,fast-sweep-3,d5_full_hard_noPred
,0.00366006582044065,30000,,,0.050054452084178,3036860.0,,,3498,75481.219055189,1788008531.8317027,0.8076657866666667,,0.0003,,,36c2lv5c,fast-sweep-3,d5_full_hard_noPred
,0.0042039938271045685,30000,,,0.04231313691379765,3051712.0,,,3514,75850.424996333,1788008901.0431042,0.8067251599999999,,0.0003,,,36c2lv5c,fast-sweep-3,d5_full_hard_noPred
,0.003117011161521077,30000,,,0.04356030969934827,3057392.0,,,3522,75992.019671443,1788009042.6275182,0.8063654266666667,,0.0003,,,36c2lv5c,fast-sweep-3,d5_full_hard_noPred
,0.0033981013111770153,30000,,,0.04023847600590448,3080684.0,,,3546,76573.208782603,1788009623.8178139,0.8048902666666666,,0.0003,,,36c2lv5c,fast-sweep-3,d5_full_hard_noPred
,0.0021613596472889185,30000,,,0.03411988147761547,3097152.0,,,3565,76982.975670976,1788010033.5916028,0.8038472933333333,,0.0003,,,36c2lv5c,fast-sweep-3,d5_full_hard_noPred
,0.0021088726352900267,30000,,,0.030324902444328717,3097816.0,,,3565,77000.049982954,1788010050.6561189,0.8038052400000001,,0.0003,,,36c2lv5c,fast-sweep-3,d5_full_hard_noPred
19.0,0.001716481288895011,30000,131.0,89.0,0.025573968469818287,3101912.0,-21.0,-1.0,3570,77102.327424774,1788010152.9299045,0.8035458266666666,-21.0,0.0003,23.0,0.0,36c2lv5c,fast-sweep-3,d5_full_hard_noPred
,0.002134108217433095,30000,,,0.031214427467273164,3127176.0,,,3599,77731.354467174,1788010781.9868279,0.8019457733333334,,0.0003,,,36c2lv5c,fast-sweep-3,d5_full_hard_noPred
,0.0026170639321208,30000,,,0.041215615110555257,3128628.0,,,3599,77767.899524443,1788010818.5053833,0.8018538133333334,,0.0003,,,36c2lv5c,fast-sweep-3,d5_full_hard_noPred
,0.002598874270915985,30000,,,0.03909471766756638,3146888.0,,,3620,78224.502211788,1788011275.1173284,0.8006973466666667,,0.0003,,,36c2lv5c,fast-sweep-3,d5_full_hard_noPred
,0.004366271663457155,30000,,,0.059428066933836794,3159228.0,,,3633,78529.442343755,1788011580.0476184,0.7999158133333333,,0.0003,,,36c2lv5c,fast-sweep-3,d5_full_hard_noPred
,0.0031046655494719744,30000,,,0.03879609125348495,3166284.0,,,3640,78706.927661124,1788011757.5030406,0.7994689333333334,,0.0003,,,36c2lv5c,fast-sweep-3,d5_full_hard_noPred
,0.004750004969537258,30000,,,0.05423641649398122,3202340.0,,,3680,79604.302277228,1788012654.9082468,0.7971853866666667,,0.0003,,,36c2lv5c,fast-sweep-3,d5_full_hard_noPred
,0.0018513321410864592,30000,,,0.024694508568075563,3209876.0,,,3690,79790.667474931,1788012841.290072,0.7967081066666667,,0.0003,,,36c2lv5c,fast-sweep-3,d5_full_hard_noPred
,0.002215446438640356,30000,,,0.03112531752237994,3225504.0,,,3707,80175.953816283,1788013226.5694046,0.7957183333333334,,0.0003,,,36c2lv5c,fast-sweep-3,d5_full_hard_noPred
,0.0018152242992073298,30000,,,0.021768027038741936,3228716.0,,,3710,80256.318452201,1788013306.9330318,0.7955149066666666,,0.0003,,,36c2lv5c,fast-sweep-3,d5_full_hard_noPred
,0.0016568766441196203,30000,,,0.02597827225960205,3231040.0,,,3713,80314.585393339,1788013365.208906,0.79536772,,0.0003,,,36c2lv5c,fast-sweep-3,d5_full_hard_noPred
,0.003326903562992811,30000,,,0.050050614412815095,3258420.0,,,3743,80989.821418558,1788014040.437883,0.7936336533333334,,0.0003,,,36c2lv5c,fast-sweep-3,d5_full_hard_noPred
21.0,0.0016607055440545082,30000,132.0,87.0,0.0243851757186866,3262732.0,-21.0,-1.0,3747,81096.973154583,1788014147.5932298,0.79336056,-21.0,0.0003,24.0,0.0,36c2lv5c,fast-sweep-3,d5_full_hard_noPred
,0.0025228934828191996,30000,,,0.038374597723291166,3263760.0,,,3750,81122.016126692,1788014172.6386712,0.7932954533333333,,0.0003,,,36c2lv5c,fast-sweep-3,d5_full_hard_noPred
,0.007014972157776356,30000,,,0.06038786035418019,3267272.0,,,3753,81208.182464249,1788014258.7910118,0.7930730266666667,,0.0003,,,36c2lv5c,fast-sweep-3,d5_full_hard_noPred
,0.0024068783968687057,30000,,,0.03535268115608897,3284076.0,,,3772,81625.591830727,1788014676.2066066,0.7920087733333333,,0.0003,,,36c2lv5c,fast-sweep-3,d5_full_hard_noPred
,0.0033739982172846794,30000,,,0.0443279368624331,3292384.0,,,3783,81832.988572203,1788014883.5544145,0.7914826,,0.0003,,,36c2lv5c,fast-sweep-3,d5_full_hard_noPred
,0.007954845204949379,30000,,,0.06658097540788455,3297396.0,,,3787,81956.6059073,1788015007.1765184,0.7911651733333334,,0.0003,,,36c2lv5c,fast-sweep-3,d5_full_hard_noPred
,0.002104769926518202,30000,,,0.028761327015954498,3311088.0,,,3803,82299.212271637,1788015349.8338153,0.7902980133333333,,0.0003,,,36c2lv5c,fast-sweep-3,d5_full_hard_noPred
,0.0026360340416431427,30000,,,0.03637836515710239,3313016.0,,,3806,82347.839114591,1788015398.457311,0.7901759066666667,,0.0003,,,36c2lv5c,fast-sweep-3,d5_full_hard_noPred
,0.0018195337615907192,30000,,,0.03132789944799803,3317284.0,,,3810,82454.2166543,1788015504.8340154,0.7899056,,0.0003,,,36c2lv5c,fast-sweep-3,d5_full_hard_noPred
,0.003626432968303561,30000,,,0.04185706349390081,3332532.0,,,3828,82834.356303481,1788015884.9710138,0.7889398933333334,,0.0003,,,36c2lv5c,fast-sweep-3,d5_full_hard_noPred
,0.0034152334555983543,30000,,,0.042103204060386035,3345616.0,,,3844,83157.651541662,1788016208.2602553,0.78811124,,0.0003,,,36c2lv5c,fast-sweep-3,d5_full_hard_noPred
,0.0025078088510781527,30000,,,0.03348158191987295,3351476.0,,,3849,83301.389368025,1788016352.0019479,0.7877401066666666,,0.0003,,,36c2lv5c,fast-sweep-3,d5_full_hard_noPred
,0.003309662453830242,30000,,,0.037198020797901264,3367300.0,,,3867,83692.293635453,1788016742.9104278,0.78673792,,0.0003,,,36c2lv5c,fast-sweep-3,d5_full_hard_noPred
,0.0022980812937021255,30000,,,0.029827498985501577,3380524.0,,,3882,84020.450045745,1788017071.087432,0.7859003999999999,,0.0003,,,36c2lv5c,fast-sweep-3,d5_full_hard_noPred
,0.002072645351290703,30000,,,0.03432192493609703,3381696.0,,,3883,84049.277654093,1788017099.892107,0.7858261733333334,,0.0003,,,36c2lv5c,fast-sweep-3,d5_full_hard_noPred
,0.0060990434139966965,30000,,,0.07484536416930629,3459456.0,,,3970,85980.731251903,1788019031.3480067,0.7809013733333333,,0.0003,,,36c2lv5c,fast-sweep-3,d5_full_hard_noPred
,0.0018927790224552155,30000,,,0.03058863430328644,3509692.0,,,4024,87230.321057875,1788020280.9360545,0.77771976,,0.0003,,,36c2lv5c,fast-sweep-3,d5_full_hard_noPred
,0.0024289190769195557,30000,,,0.0342108900753961,3510820.0,,,4026,87257.93478319,1788020308.5466962,0.7776483200000001,,0.0003,,,36c2lv5c,fast-sweep-3,d5_full_hard_noPred
,0.003203539876267314,30000,,,0.03865823218041128,3528700.0,,,4046,87703.161119785,1788020753.7886403,0.77651592,,0.0003,,,36c2lv5c,fast-sweep-3,d5_full_hard_noPred
,0.0036639105528593063,30000,,,0.040534512571816506,3536720.0,,,4055,87905.085170389,1788020955.671847,0.7760079866666667,,0.0003,,,36c2lv5c,fast-sweep-3,d5_full_hard_noPred
,0.0032671703957021236,30000,,,0.04104741118821391,3562604.0,,,4083,88549.142076589,1788021599.7555356,0.7743686666666667,,0.0003,,,36c2lv5c,fast-sweep-3,d5_full_hard_noPred
,0.002772135892882943,30000,,,0.034615656925391924,3567200.0,,,4089,88662.732747574,1788021713.3546026,0.7740775866666667,,0.0003,,,36c2lv5c,fast-sweep-3,d5_full_hard_noPred
,0.0025923883076757193,30000,,,0.032075123875265635,3609368.0,,,4134,89595.356017427,1788022645.9819732,0.7714069466666666,,0.0003,,,36c2lv5c,fast-sweep-3,d5_full_hard_noPred
,0.002403238322585821,30000,,,0.03998522137564793,3613204.0,,,4137,89678.325451501,1788022728.9531324,0.7711640000000001,,0.0003,,,36c2lv5c,fast-sweep-3,d5_full_hard_noPred
,0.03883964195847511,3082,,,0.1799795976989357,3092.0,,,1,56.058477093,1787933109.2045062,0.9998044266666667,,0.0003,,,vqm4avvj,earthy-sweep-4,d5_full_hard_pred
,0.09413480758666992,3596,,,0.5004639454328204,3608.0,,,2,69.686940412,1787933122.8425436,0.9997717466666667,,0.0003,,,vqm4avvj,earthy-sweep-4,d5_full_hard_pred
,0.017161067575216293,23476,,,0.010236277754144657,23536.0,,,26,584.858398902,1787933638.01594,0.99850964,,0.0003,,,vqm4avvj,earthy-sweep-4,d5_full_hard_pred
,0.03155119717121124,30000,,,0.02794140906325141,34672.0,,,39,868.820103192,1787933921.9790697,0.9978043600000001,,0.0003,,,vqm4avvj,earthy-sweep-4,d5_full_hard_pred
,0.049880772829055786,30000,,,0.019975638444840252,45820.0,,,52,1155.194515096,1787934208.3368802,0.99709832,,0.0003,,,vqm4avvj,earthy-sweep-4,d5_full_hard_pred
,0.051288507878780365,30000,,,0.020217670968648176,53152.0,,,60,1342.857712683,1787934396.0192847,0.99663396,,0.0003,,,vqm4avvj,earthy-sweep-4,d5_full_hard_pred
,0.04599156975746155,30000,,,0.028217546422384453,61472.0,,,71,1556.882300301,1787934610.040831,0.9961070266666666,,0.0003,,,vqm4avvj,earthy-sweep-4,d5_full_hard_pred
,0.0635933205485344,30000,,,0.07220479562157874,96892.0,,,112,2461.990788735,1787935515.1648257,0.99386376,,0.0003,,,vqm4avvj,earthy-sweep-4,d5_full_hard_pred
,0.02890237234532833,30000,,,0.01960386892720169,134520.0,,,156,3433.982996532,1787936487.1539092,0.9914806533333334,,0.0003,,,vqm4avvj,earthy-sweep-4,d5_full_hard_pred
,0.04871963709592819,30000,,,0.0404895807964553,137224.0,,,160,3502.360437265,1787936555.5171103,0.9913094,,0.0003,,,vqm4avvj,earthy-sweep-4,d5_full_hard_pred
,0.04003853723406792,30000,,,0.02630239876101075,180336.0,,,210,4597.764264645,1787937650.9375105,0.9885789733333333,,0.0003,,,vqm4avvj,earthy-sweep-4,d5_full_hard_pred
,0.04955729469656944,30000,,,0.021232409961149643,190152.0,,,222,4846.684574962,1787937899.8481374,0.9879572933333334,,0.0003,,,vqm4avvj,earthy-sweep-4,d5_full_hard_pred
,0.042671822011470795,30000,,,0.035593282511026905,207760.0,,,244,5294.023100007,1787938347.1879034,0.9868421199999999,,0.0003,,,vqm4avvj,earthy-sweep-4,d5_full_hard_pred
,0.05758608877658844,30000,,,0.028719516873208183,219084.0,,,257,5582.268218396,1787938635.4273925,0.9861249333333333,,0.0003,,,vqm4avvj,earthy-sweep-4,d5_full_hard_pred
,0.049538083374500275,30000,,,0.02797759467015688,224348.0,,,264,5715.78882039,1787938768.943999,0.9857915466666666,,0.0003,,,vqm4avvj,earthy-sweep-4,d5_full_hard_pred
,0.04007939249277115,30000,,,0.0231769748856547,242208.0,,,283,6180.494875383,1787939233.658851,0.9846604133333334,,0.0003,,,vqm4avvj,earthy-sweep-4,d5_full_hard_pred
,0.04897011071443558,30000,,,0.0333857323147721,246884.0,,,289,6300.366266087,1787939353.5442648,0.9843642666666668,,0.0003,,,vqm4avvj,earthy-sweep-4,d5_full_hard_pred
,0.04600384831428528,30000,,,0.03643661926276136,248260.0,,,291,6335.585983673,1787939388.7432947,0.98427712,,0.0003,,,vqm4avvj,earthy-sweep-4,d5_full_hard_pred
,0.05211345851421356,30000,,,0.04420384741496793,254656.0,,,298,6503.35330401,1787939556.5183363,0.98387204,,0.0003,,,vqm4avvj,earthy-sweep-4,d5_full_hard_pred
,0.061895281076431274,30000,,,0.10154800551360593,271068.0,,,316,6918.84570407,1787939972.0347214,0.9828326133333334,,0.0003,,,vqm4avvj,earthy-sweep-4,d5_full_hard_pred
,0.03778000548481941,30000,,,0.07169858700668658,286852.0,,,337,7315.875416703,1787940369.0285418,0.98183296,,0.0003,,,vqm4avvj,earthy-sweep-4,d5_full_hard_pred
,0.041578248143196106,30000,,,0.06453719677729254,313852.0,,,367,8002.645081409,1787941055.8055282,0.98012296,,0.0003,,,vqm4avvj,earthy-sweep-4,d5_full_hard_pred
,0.04523002356290817,30000,,,0.01980591893847231,327224.0,,,383,8342.31275787,1787941395.4814456,0.9792760666666667,,0.0003,,,vqm4avvj,earthy-sweep-4,d5_full_hard_pred
,0.055817779153585434,30000,,,0.08414172521025935,363460.0,,,426,9260.647111852,1787942313.8001542,0.97698112,,0.0003,,,vqm4avvj,earthy-sweep-4,d5_full_hard_pred
,0.045761965215206146,30000,,,0.025331034172513173,368716.0,,,433,9394.911097978,1787942448.0823374,0.9766482400000001,,0.0003,,,vqm4avvj,earthy-sweep-4,d5_full_hard_pred
,0.05146437883377075,30000,,,0.027149686162695863,394808.0,,,464,10057.618830534,1787943110.7810013,0.9749957466666667,,0.0003,,,vqm4avvj,earthy-sweep-4,d5_full_hard_pred
,0.05233386158943176,30000,,,0.02468920959290379,408672.0,,,481,10410.447849987,1787943463.6004689,0.9741176933333333,,0.0003,,,vqm4avvj,earthy-sweep-4,d5_full_hard_pred
,0.04223186522722244,30000,,,0.030170103643075187,417520.0,,,490,10634.240181273,1787943687.3588464,0.97355732,,0.0003,,,vqm4avvj,earthy-sweep-4,d5_full_hard_pred
,0.05358375608921051,30000,,,0.029006884814713477,475748.0,,,559,12115.945308399,1787945169.1074862,0.9698695466666666,,0.0003,,,vqm4avvj,earthy-sweep-4,d5_full_hard_pred
,0.06310965120792389,30000,,,0.12999052506117326,487032.0,,,572,12402.932245683,1787945456.0979288,0.9691548933333334,,0.0003,,,vqm4avvj,earthy-sweep-4,d5_full_hard_pred
,0.03569707274436951,30000,,,0.046436380938483825,521712.0,,,612,13282.173215626,1787946335.3284147,0.9669584933333334,,0.0003,,,vqm4avvj,earthy-sweep-4,d5_full_hard_pred
,0.04352758079767227,30000,,,0.11848394866273569,522848.0,,,613,13310.995359417,1787946364.1140654,0.9668865466666667,,0.0003,,,vqm4avvj,earthy-sweep-4,d5_full_hard_pred
,0.05466190725564957,30000,,,0.05346752134653203,536260.0,,,629,13651.387157223,1787946704.5514765,0.9660371200000001,,0.0003,,,vqm4avvj,earthy-sweep-4,d5_full_hard_pred
,0.04685574769973755,30000,,,0.012761657941187029,537260.0,,,630,13676.81332291,1787946729.9742515,0.9659737866666667,,0.0003,,,vqm4avvj,earthy-sweep-4,d5_full_hard_pred
,0.04888821020722389,30000,,,0.012961986059653532,547112.0,,,642,13927.109176263,1787946980.2207873,0.9653498266666667,,0.0003,,,vqm4avvj,earthy-sweep-4,d5_full_hard_pred
,0.054529547691345215,30000,,,0.10104173453233455,574400.0,,,674,14622.921846251,1787947676.0877652,0.9636215866666666,,0.0003,,,vqm4avvj,earthy-sweep-4,d5_full_hard_pred
,0.05139937624335289,30000,,,0.02669381306173738,590056.0,,,693,15021.680940519,1787948074.8556848,0.9626300400000001,,0.0003,,,vqm4avvj,earthy-sweep-4,d5_full_hard_pred
,0.05142442137002945,30000,,,0.022127195918738428,593228.0,,,697,15102.451750411,1787948155.616151,0.9624291466666667,,0.0003,,,vqm4avvj,earthy-sweep-4,d5_full_hard_pred
,0.0473053865134716,30000,,,0.017843635331254815,604672.0,,,710,15393.386319473,1787948446.5661302,0.96170436,,0.0003,,,vqm4avvj,earthy-sweep-4,d5_full_hard_pred
,0.04685105010867119,30000,,,0.053992501241462536,606784.0,,,713,15447.074242471,1787948500.237128,0.9615705999999999,,0.0003,,,vqm4avvj,earthy-sweep-4,d5_full_hard_pred
,0.049615658819675446,30000,,,0.13832725376999574,673024.0,,,791,17129.71670183,1787950182.8725455,0.9573754,,0.0003,,,vqm4avvj,earthy-sweep-4,d5_full_hard_pred
,0.047158680856227875,30000,,,0.030719419090875586,692368.0,,,815,17623.01480569,1787950676.188039,0.95615028,,0.0003,,,vqm4avvj,earthy-sweep-4,d5_full_hard_pred
,0.03581954911351204,30000,,,0.16883081695640537,694808.0,,,816,17685.13174898,1787950738.2396302,0.9559957466666666,,0.0003,,,vqm4avvj,earthy-sweep-4,d5_full_hard_pred
,0.051580507308244705,30000,,,0.054264952557138146,696040.0,,,819,17716.837707825,1787950769.9955995,0.9559177200000001,,0.0003,,,vqm4avvj,earthy-sweep-4,d5_full_hard_pred
,0.05401940643787384,30000,,,0.06356879246200123,705760.0,,,831,17964.033964377,1787951017.200559,0.9553021199999999,,0.0003,,,vqm4avvj,earthy-sweep-4,d5_full_hard_pred
,0.048850759863853455,30000,,,0.043427416112189726,706676.0,,,831,17987.076547584,1787951040.2400773,0.9552441066666667,,0.0003,,,vqm4avvj,earthy-sweep-4,d5_full_hard_pred
,0.0467325821518898,30000,,,0.07951483587524835,732764.0,,,863,18652.190490233,1787951705.355441,0.9535918666666666,,0.0003,,,vqm4avvj,earthy-sweep-4,d5_full_hard_pred
,0.04761862754821777,30000,,,0.05550981117046134,755576.0,,,890,19234.73536647,1787952287.9098306,0.9521471066666667,,0.0003,,,vqm4avvj,earthy-sweep-4,d5_full_hard_pred
,0.05194900184869766,30000,,,0.020802557489912908,823564.0,,,969,20967.272307923,1787954020.4331653,0.9478412,,0.0003,,,vqm4avvj,earthy-sweep-4,d5_full_hard_pred
,0.044414177536964417,30000,,,0.07094075385185285,829876.0,,,977,21127.494909339,1787954180.6490667,0.9474414400000001,,0.0003,,,vqm4avvj,earthy-sweep-4,d5_full_hard_pred
,0.05031149089336395,30000,,,0.04934603134959983,836240.0,,,984,21290.26329698,1787954343.4225187,0.9470383866666666,,0.0003,,,vqm4avvj,earthy-sweep-4,d5_full_hard_pred
,0.04959540814161301,30000,,,0.013651522264773876,839960.0,,,989,21385.049292364,1787954438.2088377,0.9468027866666666,,0.0003,,,vqm4avvj,earthy-sweep-4,d5_full_hard_pred
,0.05530436336994171,30000,,,0.06423238023732125,840824.0,,,990,21407.282040581,1787954460.4394653,0.9467480666666667,,0.0003,,,vqm4avvj,earthy-sweep-4,d5_full_hard_pred
,0.05316254496574402,30000,,,0.017005278839451923,884152.0,,,1041,22511.764197238,1787955564.9247756,0.94400396,,0.0003,,,vqm4avvj,earthy-sweep-4,d5_full_hard_pred
,0.05282603204250336,30000,,,0.07821946731538093,897952.0,,,1057,22863.246931154,1787955916.4163327,0.94312996,,0.0003,,,vqm4avvj,earthy-sweep-4,d5_full_hard_pred
,0.055508505553007126,30000,,,0.10330852954508085,909052.0,,,1069,23145.399724895,1787956198.528216,0.94242696,,0.0003,,,vqm4avvj,earthy-sweep-4,d5_full_hard_pred
,0.05649863928556442,30000,,,0.031451939514050994,910004.0,,,1070,23169.248393786,1787956222.4139018,0.9423666666666667,,0.0003,,,vqm4avvj,earthy-sweep-4,d5_full_hard_pred
,0.04395033419132233,30000,,,0.059286766062009624,955224.0,,,1125,24324.265790841,1787957377.426998,0.9395027333333333,,0.0003,,,vqm4avvj,earthy-sweep-4,d5_full_hard_pred
,0.047449588775634766,30000,,,0.008016381377826818,971112.0,,,1142,24728.478210347,1787957781.6430173,0.9384964933333334,,0.0003,,,vqm4avvj,earthy-sweep-4,d5_full_hard_pred
,0.05408933758735657,30000,,,0.05924591804306986,985180.0,,,1158,25087.493716947,1787958140.6693933,0.93760552,,0.0003,,,vqm4avvj,earthy-sweep-4,d5_full_hard_pred
,0.048843689262866974,30000,,,0.056543553033747085,1011772.0,,,1191,25762.074257423,1787958815.2362177,0.9359213599999999,,0.0003,,,vqm4avvj,earthy-sweep-4,d5_full_hard_pred
,0.05662886053323746,30000,,,0.051197027747612686,1022076.0,,,1203,26024.797008817,1787959077.9541235,0.9352687733333334,,0.0003,,,vqm4avvj,earthy-sweep-4,d5_full_hard_pred
,0.04813464730978012,30000,,,0.020018474389245196,1025896.0,,,1208,26122.739799845,1787959175.900268,0.93502684,,0.0003,,,vqm4avvj,earthy-sweep-4,d5_full_hard_pred
,0.057047270238399506,30000,,,0.11473306988407155,1040224.0,,,1225,26487.609733525,1787959540.7752955,0.9341194,,0.0003,,,vqm4avvj,earthy-sweep-4,d5_full_hard_pred
,0.05017272010445595,30000,,,0.05402605758704158,1063876.0,,,1253,27087.50758463,1787960140.6682084,0.93262144,,0.0003,,,vqm4avvj,earthy-sweep-4,d5_full_hard_pred
,0.05292762443423271,30000,,,0.031969544286583315,1073584.0,,,1265,27333.558014861,1787960386.7249408,0.9320066,,0.0003,,,vqm4avvj,earthy-sweep-4,d5_full_hard_pred
,0.05754206329584122,30000,,,0.01523095493424103,1082812.0,,,1275,27568.249984705,1787960621.410308,0.93142216,,0.0003,,,vqm4avvj,earthy-sweep-4,d5_full_hard_pred
,0.060415901243686676,30000,,,0.08299607686020112,1091476.0,,,1285,27788.202348925,1787960841.3697307,0.93087344,,0.0003,,,vqm4avvj,earthy-sweep-4,d5_full_hard_pred
,0.04030860215425491,30000,,,0.08342716776544044,1112088.0,,,1308,28312.27175747,1787961365.4354222,0.9295680133333334,,0.0003,,,vqm4avvj,earthy-sweep-4,d5_full_hard_pred
,0.055458396673202515,30000,,,0.048985453420234,1141352.0,,,1344,29052.539859026,1787962105.70546,0.9277146266666667,,0.0003,,,vqm4avvj,earthy-sweep-4,d5_full_hard_pred
,0.035904690623283386,30000,,,0.12108910839674927,1151916.0,,,1356,29320.419280265,1787962373.5818338,0.9270455733333334,,0.0003,,,vqm4avvj,earthy-sweep-4,d5_full_hard_pred
,0.056392282247543335,30000,,,0.02215549900029464,1190368.0,,,1400,30292.340211494,1787963345.5021029,0.92461028,,0.0003,,,vqm4avvj,earthy-sweep-4,d5_full_hard_pred
,0.05015714839100838,30000,,,0.016815304087203643,1210508.0,,,1424,30803.558411965,1787963856.7224858,0.9233347466666667,,0.0003,,,vqm4avvj,earthy-sweep-4,d5_full_hard_pred
,0.04636203497648239,30000,,,0.0713995584580148,1239460.0,,,1459,31536.35407643,1787964589.5156503,0.9215011200000001,,0.0003,,,vqm4avvj,earthy-sweep-4,d5_full_hard_pred
,0.047007132321596146,30000,,,0.05388700008346089,1271112.0,,,1496,32340.652005669,1787965393.8212943,0.9194964933333334,,0.0003,,,vqm4avvj,earthy-sweep-4,d5_full_hard_pred
,0.040439408272504807,30000,,,0.05070773106537311,1274328.0,,,1500,32422.052748514,1787965475.2157187,0.9192928133333333,,0.0003,,,vqm4avvj,earthy-sweep-4,d5_full_hard_pred
,0.0405045822262764,30000,,,0.12379560975175012,1304020.0,,,1535,33170.923479528,1787966224.0779026,0.9174123200000001,,0.0003,,,vqm4avvj,earthy-sweep-4,d5_full_hard_pred
,0.052671510726213455,30000,,,0.04120768015297245,1310932.0,,,1543,33346.872966542,1787966400.0471246,0.91697456,,0.0003,,,vqm4avvj,earthy-sweep-4,d5_full_hard_pred
,0.042532779276371,30000,,,0.04600566555961101,1311820.0,,,1543,33369.13385979,1787966422.2973142,0.91691832,,0.0003,,,vqm4avvj,earthy-sweep-4,d5_full_hard_pred
,0.056139055639505386,30000,,,0.10212441331413341,1387184.0,,,1634,35271.285067521,1787968324.4459994,0.9121452666666666,,0.0003,,,vqm4avvj,earthy-sweep-4,d5_full_hard_pred
,0.051813628524541855,30000,,,0.023756765025736846,1472756.0,,,1735,37435.980977426,1787970489.143231,0.9067257066666666,,0.0003,,,vqm4avvj,earthy-sweep-4,d5_full_hard_pred
,0.045049093663692474,30000,,,0.05946941608651766,1478068.0,,,1742,37570.517996831,1787970623.6770217,0.90638928,,0.0003,,,vqm4avvj,earthy-sweep-4,d5_full_hard_pred
,0.05717766657471657,30000,,,0.06152850938945465,1520372.0,,,1791,38636.362032676,1787971689.5282931,0.9037100266666667,,0.0003,,,vqm4avvj,earthy-sweep-4,d5_full_hard_pred
,0.06291082501411438,30000,,,0.06736457016976866,1571944.0,,,1853,39938.265295534,1787972991.3799772,0.9004438,,0.0003,,,vqm4avvj,earthy-sweep-4,d5_full_hard_pred
,0.04537997022271156,30000,,,0.027880539952398052,1584248.0,,,1868,40249.883905106,1787973303.0610764,0.8996645466666666,,0.0003,,,vqm4avvj,earthy-sweep-4,d5_full_hard_pred
,0.05363975465297699,30000,,,0.03823740037594006,1589024.0,,,1874,40370.11765696,1787973423.2785006,0.8993620666666667,,0.0003,,,vqm4avvj,earthy-sweep-4,d5_full_hard_pred
,0.04245592653751373,30000,,,0.09449037056750456,1603184.0,,,1890,40728.640582427,1787973781.8048973,0.8984652666666667,,0.0003,,,vqm4avvj,earthy-sweep-4,d5_full_hard_pred
,0.04801687225699425,30000,,,0.06098119702383542,1623300.0,,,1915,41235.361911384,1787974288.524763,0.8971912533333333,,0.0003,,,vqm4avvj,earthy-sweep-4,d5_full_hard_pred
,0.04920833930373192,30000,,,0.09285429469516655,1630084.0,,,1923,41405.998708238,1787974459.16506,0.8967616,,0.0003,,,vqm4avvj,earthy-sweep-4,d5_full_hard_pred
,0.04756031185388565,30000,,,0.038644208827670536,1650984.0,,,1947,41932.549864626,1787974985.7178364,0.8954379333333333,,0.0003,,,vqm4avvj,earthy-sweep-4,d5_full_hard_pred
,0.05656438320875168,30000,,,0.10148263486803441,1657076.0,,,1955,42085.47052641,1787975138.623863,0.8950521066666667,,0.0003,,,vqm4avvj,earthy-sweep-4,d5_full_hard_pred
,0.04773920029401779,30000,,,0.05682193692352034,1670536.0,,,1970,42425.268048043,1787975478.428866,0.89419964,,0.0003,,,vqm4avvj,earthy-sweep-4,d5_full_hard_pred
,0.05643284320831299,30000,,,0.05880578139672895,1690068.0,,,1995,42917.71859244,1787975970.8891318,0.8929626133333334,,0.0003,,,vqm4avvj,earthy-sweep-4,d5_full_hard_pred
,0.04419064149260521,30000,,,0.06832191235569443,1723920.0,,,2035,43771.604969084,1787976824.7252016,0.8908186533333334,,0.0003,,,vqm4avvj,earthy-sweep-4,d5_full_hard_pred
,0.059790562838315964,30000,,,0.06396211758622293,1739064.0,,,2052,44152.085403407,1787977205.2362247,0.8898595333333333,,0.0003,,,vqm4avvj,earthy-sweep-4,d5_full_hard_pred
,0.06905795633792877,30000,,,0.09035529594820141,1756232.0,,,2073,44586.127975595,1787977639.238487,0.8887722266666667,,0.0003,,,vqm4avvj,earthy-sweep-4,d5_full_hard_pred
,0.05530978739261627,30000,,,0.10321794349137979,1796380.0,,,2120,45598.66811909,1787978651.828012,0.88622952,,0.0003,,,vqm4avvj,earthy-sweep-4,d5_full_hard_pred
,0.05771873891353607,30000,,,0.03355982538340919,1830384.0,,,2160,46458.900516663,1787979512.0718193,0.8840759333333333,,0.0003,,,vqm4avvj,earthy-sweep-4,d5_full_hard_pred
,0.05456572771072388,30000,,,0.14165692335605087,1844188.0,,,2176,46808.008157567,1787979861.1713321,0.88320168,,0.0003,,,vqm4avvj,earthy-sweep-4,d5_full_hard_pred
,0.05230800434947014,30000,,,0.03469532839324385,1849324.0,,,2182,46938.301822663,1787979991.460074,0.8828764,,0.0003,,,vqm4avvj,earthy-sweep-4,d5_full_hard_pred
,0.04508958011865616,30000,,,0.016785696064052388,1875532.0,,,2214,47598.968671088,1787980652.1220276,0.88121656,,0.0003,,,vqm4avvj,earthy-sweep-4,d5_full_hard_pred
,0.04954006150364876,30000,,,0.029958523276174816,1891936.0,,,2234,48013.297213061,1787981066.462257,0.88017764,,0.0003,,,vqm4avvj,earthy-sweep-4,d5_full_hard_pred
,0.04805576056241989,30000,,,0.1342574543312222,1896432.0,,,2239,48127.09295489,1787981180.2478483,0.8798928933333333,,0.0003,,,vqm4avvj,earthy-sweep-4,d5_full_hard_pred
,0.04701391980051994,30000,,,0.052850714947141705,1901084.0,,,2245,48244.862664834,1787981298.029236,0.8795982666666666,,0.0003,,,vqm4avvj,earthy-sweep-4,d5_full_hard_pred
,0.04489244520664215,30000,,,0.07301617502110716,1901376.0,,,2245,48252.263540829,1787981305.432006,0.8795797733333334,,0.0003,,,vqm4avvj,earthy-sweep-4,d5_full_hard_pred
,0.053313247859478,30000,,,0.06175372358604838,1916308.0,,,2263,48627.408022845,1787981680.5704527,0.87863408,,0.0003,,,vqm4avvj,earthy-sweep-4,d5_full_hard_pred
,0.05116114020347595,30000,,,0.03017082260074595,1928760.0,,,2277,48939.989795215,1787981993.147591,0.8778454533333334,,0.0003,,,vqm4avvj,earthy-sweep-4,d5_full_hard_pred
,0.04875968396663666,30000,,,0.08968031191592188,1973436.0,,,2328,50066.222114725,1787983119.3918905,0.8750159733333334,,0.0003,,,vqm4avvj,earthy-sweep-4,d5_full_hard_pred
,0.04899429902434349,30000,,,0.019029140283056318,1982072.0,,,2339,50283.426113933,1787983336.5876925,0.8744690266666666,,0.0003,,,vqm4avvj,earthy-sweep-4,d5_full_hard_pred
,0.06084008514881134,30000,,,0.036302345186103355,2000704.0,,,2360,50751.578082556,1787983804.740553,0.873289,,0.0003,,,vqm4avvj,earthy-sweep-4,d5_full_hard_pred
,0.054512619972229004,30000,,,0.055943851915499575,2003952.0,,,2365,50833.339785991,1787983886.501707,0.8730832933333333,,0.0003,,,vqm4avvj,earthy-sweep-4,d5_full_hard_pred
,0.05202443152666092,30000,,,0.05122790909908459,2077988.0,,,2452,52699.527050756,1787985752.6400583,0.8683943466666667,,0.0003,,,vqm4avvj,earthy-sweep-4,d5_full_hard_pred
,0.054771553725004196,30000,,,0.030856462476681258,2091464.0,,,2469,53037.674264077,1787986090.838813,0.8675408666666666,,0.0003,,,vqm4avvj,earthy-sweep-4,d5_full_hard_pred
,0.056554459035396576,30000,,,0.01165347310967566,2094696.0,,,2472,53118.806198844,1787986171.970167,0.8673361733333333,,0.0003,,,vqm4avvj,earthy-sweep-4,d5_full_hard_pred
,0.049472905695438385,30000,,,0.03713783075395277,2111904.0,,,2493,53552.133689994,1787986605.2917557,0.8662463333333333,,0.0003,,,vqm4avvj,earthy-sweep-4,d5_full_hard_pred
,0.039452776312828064,30000,,,0.08684786339980248,2118928.0,,,2501,53729.827197662,1787986782.9905975,0.86580148,,0.0003,,,vqm4avvj,earthy-sweep-4,d5_full_hard_pred
,0.05656343698501587,30000,,,0.039075159860552634,2147856.0,,,2533,54458.791004423,1787987511.953739,0.8639693733333333,,0.0003,,,vqm4avvj,earthy-sweep-4,d5_full_hard_pred
,0.05163327232003212,30000,,,0.03508490875037293,2202860.0,,,2600,55837.970359681,1787988891.13321,0.8604857866666666,,0.0003,,,vqm4avvj,earthy-sweep-4,d5_full_hard_pred
,0.04697245731949806,30000,,,0.029519615366176227,2236152.0,,,2640,56676.112621495,1787989729.278195,0.8583772933333333,,0.0003,,,vqm4avvj,earthy-sweep-4,d5_full_hard_pred
,0.0550655722618103,30000,,,0.10635012493358417,2285916.0,,,2699,57930.825151393,1787990984.0133948,0.8552255733333334,,0.0003,,,vqm4avvj,earthy-sweep-4,d5_full_hard_pred
,0.06654658913612366,30000,,,0.018310692372567994,2288168.0,,,2702,57987.418148054,1787991040.5871046,0.8550829466666667,,0.0003,,,vqm4avvj,earthy-sweep-4,d5_full_hard_pred
,0.05796710401773453,30000,,,0.05738371615811471,2334276.0,,,2757,59146.216745878,1787992199.376349,0.8521627733333333,,0.0003,,,vqm4avvj,earthy-sweep-4,d5_full_hard_pred
,0.0621752105653286,30000,,,0.09166481284638583,2343432.0,,,2769,59376.250699745,1787992429.4129372,0.8515828933333334,,0.0003,,,vqm4avvj,earthy-sweep-4,d5_full_hard_pred
,0.04493620991706848,30000,,,0.03572206401522512,2358280.0,,,2785,59749.474868652,1787992802.6367788,0.8506425200000001,,0.0003,,,vqm4avvj,earthy-sweep-4,d5_full_hard_pred
,0.04441634193062782,30000,,,0.018013132471698782,2376116.0,,,2808,60199.063849985,1787993252.221315,0.8495129066666667,,0.0003,,,vqm4avvj,earthy-sweep-4,d5_full_hard_pred
,0.04749741405248642,30000,,,0.051210782325048936,2381508.0,,,2813,60334.90410724,1787993388.0775356,0.8491714133333333,,0.0003,,,vqm4avvj,earthy-sweep-4,d5_full_hard_pred
,0.0524434894323349,30000,,,0.06555135416221107,2403492.0,,,2840,60889.15846659,1787993942.3234298,0.8477790933333333,,0.0003,,,vqm4avvj,earthy-sweep-4,d5_full_hard_pred
,0.03902965784072876,30000,,,0.0627319926870323,2405048.0,,,2841,60928.756197449,1787993981.9189634,0.8476805466666667,,0.0003,,,vqm4avvj,earthy-sweep-4,d5_full_hard_pred
,0.04294126480817795,30000,,,0.09907777878030458,2424768.0,,,2865,61424.975832561,1787994478.1497872,0.8464316133333333,,0.0003,,,vqm4avvj,earthy-sweep-4,d5_full_hard_pred
,0.0401720367372036,30000,,,0.18028908234067842,2473644.0,,,2921,62656.514384604,1787995709.6887608,0.8433361333333333,,0.0003,,,vqm4avvj,earthy-sweep-4,d5_full_hard_pred
,0.061053380370140076,30000,,,0.13334504109930517,2503848.0,,,2957,63417.339237094,1787996470.4972494,0.8414232133333334,,0.0003,,,vqm4avvj,earthy-sweep-4,d5_full_hard_pred
,0.04480064660310745,30000,,,0.06217990156994981,2615460.0,,,3089,66230.43868927,1787999283.6022587,0.8343544533333334,,0.0003,,,vqm4avvj,earthy-sweep-4,d5_full_hard_pred
,0.05637560784816742,30000,,,0.1493892163652123,2616868.0,,,3091,66265.739902931,1787999318.9035966,0.83426528,,0.0003,,,vqm4avvj,earthy-sweep-4,d5_full_hard_pred
,0.05803016200661659,30000,,,0.12871875497581756,2640828.0,,,3121,66869.597684745,1787999922.7753625,0.8327478133333334,,0.0003,,,vqm4avvj,earthy-sweep-4,d5_full_hard_pred
,0.05900455638766289,30000,,,0.05389547555126409,2651708.0,,,3133,67144.53352772,1788000197.690865,0.8320587466666667,,0.0003,,,vqm4avvj,earthy-sweep-4,d5_full_hard_pred
,0.054960593581199646,30000,,,0.09987395252182418,2653844.0,,,3134,67198.445842855,1788000251.633801,0.8319234666666667,,0.0003,,,vqm4avvj,earthy-sweep-4,d5_full_hard_pred
,0.05653281509876251,30000,,,0.05933794572983262,2668540.0,,,3152,67567.023605816,1788000620.184897,0.83099272,,0.0003,,,vqm4avvj,earthy-sweep-4,d5_full_hard_pred
,0.048066653311252594,30000,,,0.07446190129377567,2687908.0,,,3174,68056.380568136,1788001109.543083,0.8297660800000001,,0.0003,,,vqm4avvj,earthy-sweep-4,d5_full_hard_pred
,0.05478914454579353,30000,,,0.04351173780331533,2744284.0,,,3241,69476.414153058,1788002529.5775836,0.8261956,,0.0003,,,vqm4avvj,earthy-sweep-4,d5_full_hard_pred
,0.05509831756353378,30000,,,0.11919530003458884,2750988.0,,,3249,69644.542031443,1788002697.7049503,0.8257710133333334,,0.0003,,,vqm4avvj,earthy-sweep-4,d5_full_hard_pred
,0.05443592742085457,30000,,,0.08059703862996462,2755704.0,,,3254,69763.443580531,1788002816.6169298,0.8254723333333334,,0.0003,,,vqm4avvj,earthy-sweep-4,d5_full_hard_pred
,0.057573847472667694,30000,,,0.07136648774266909,2797956.0,,,3304,70826.904440918,1788003880.063474,0.8227963733333333,,0.0003,,,vqm4avvj,earthy-sweep-4,d5_full_hard_pred
,0.05595691129565239,30000,,,0.050694479063901114,2804644.0,,,3313,70994.860136628,1788004048.0312073,0.8223728,,0.0003,,,vqm4avvj,earthy-sweep-4,d5_full_hard_pred
,0.054573703557252884,30000,,,0.018690470369796836,2830936.0,,,3344,71657.691463167,1788004710.8517592,0.82070764,,0.0003,,,vqm4avvj,earthy-sweep-4,d5_full_hard_pred
,0.05993008613586426,30000,,,0.05813047896991929,2839392.0,,,3355,71871.031687634,1788004924.2142253,0.8201720933333334,,0.0003,,,vqm4avvj,earthy-sweep-4,d5_full_hard_pred
,0.05454544723033905,30000,,,0.06399452992397975,2840300.0,,,3355,71894.068660784,1788004947.1838193,0.8201145866666667,,0.0003,,,vqm4avvj,earthy-sweep-4,d5_full_hard_pred
,0.05204591900110245,30000,,,0.02904810031191158,2843904.0,,,3359,71984.411375825,1788005037.5646892,0.8198863333333334,,0.0003,,,vqm4avvj,earthy-sweep-4,d5_full_hard_pred
,0.04796347767114639,30000,,,0.049523749143298185,2887056.0,,,3409,73076.291068253,1788006129.460816,0.8171533733333334,,0.0003,,,vqm4avvj,earthy-sweep-4,d5_full_hard_pred
,0.05359382927417755,30000,,,0.07272710625537804,2915040.0,,,3443,73779.522249588,1788006832.6897287,0.8153810533333333,,0.0003,,,vqm4avvj,earthy-sweep-4,d5_full_hard_pred
,0.053528785705566406,30000,,,0.028646097125074405,2924712.0,,,3454,74023.707076746,1788007076.8188305,0.8147684933333333,,0.0003,,,vqm4avvj,earthy-sweep-4,d5_full_hard_pred
,0.06103944405913353,30000,,,0.09634136046283003,2925820.0,,,3456,74051.810399094,1788007104.9680786,0.8146983200000001,,0.0003,,,vqm4avvj,earthy-sweep-4,d5_full_hard_pred
,0.05819316953420639,30000,,,0.06055951208079291,2947036.0,,,3481,74586.397966929,1788007639.5602689,0.81335464,,0.0003,,,vqm4avvj,earthy-sweep-4,d5_full_hard_pred
,0.05269598960876465,30000,,,0.025484501006678522,2949544.0,,,3484,74650.032094846,1788007703.1955597,0.8131958,,0.0003,,,vqm4avvj,earthy-sweep-4,d5_full_hard_pred
,0.052728477865457535,30000,,,0.07424361453533328,2950340.0,,,3485,74670.232081825,1788007723.3903532,0.8131453866666667,,0.0003,,,vqm4avvj,earthy-sweep-4,d5_full_hard_pred
,0.04852471500635147,30000,,,0.07813112648689242,2976172.0,,,3515,75322.668610854,1788008375.8438168,0.81150936,,0.0003,,,vqm4avvj,earthy-sweep-4,d5_full_hard_pred
,0.04966945946216583,30000,,,0.02280884302442222,2986864.0,,,3527,75591.555760641,1788008644.719146,0.8108322,,0.0003,,,vqm4avvj,earthy-sweep-4,d5_full_hard_pred
,0.057730644941329956,30000,,,0.2176826187238303,2988740.0,,,3530,75638.997993431,1788008692.1618187,0.8107133866666667,,0.0003,,,vqm4avvj,earthy-sweep-4,d5_full_hard_pred
,0.050637803971767426,30000,,,0.06457309481722573,2991948.0,,,3534,75719.648348401,1788008772.8133469,0.8105102133333334,,0.0003,,,vqm4avvj,earthy-sweep-4,d5_full_hard_pred
,0.06443994492292404,30000,,,0.09032031582450144,3013164.0,,,3559,76255.891352361,1788009309.0533173,0.8091665333333333,,0.0003,,,vqm4avvj,earthy-sweep-4,d5_full_hard_pred
,0.05799315124750137,30000,,,0.02754635884950023,3036860.0,,,3587,76854.701258217,1788009907.856829,0.8076657866666667,,0.0003,,,vqm4avvj,earthy-sweep-4,d5_full_hard_pred
,0.04570459946990013,30000,,,0.06533457497118832,3051712.0,,,3606,77231.951752409,1788010285.1187599,0.8067251599999999,,0.0003,,,vqm4avvj,earthy-sweep-4,d5_full_hard_pred
,0.06030885875225067,30000,,,0.04374590758072784,3057392.0,,,3613,77375.493536184,1788010428.6563513,0.8063654266666667,,0.0003,,,vqm4avvj,earthy-sweep-4,d5_full_hard_pred
,0.07080422341823578,30000,,,0.0792415884626524,3074824.0,,,3634,77816.258707562,1788010869.4192152,0.8052614,,0.0003,,,vqm4avvj,earthy-sweep-4,d5_full_hard_pred
,0.06713423132896423,30000,,,0.04760160842582953,3080684.0,,,3641,77964.938273445,1788011018.101976,0.8048902666666666,,0.0003,,,vqm4avvj,earthy-sweep-4,d5_full_hard_pred
,0.06364063918590546,30000,,,0.011006107426657434,3097152.0,,,3660,78381.420357589,1788011434.585651,0.8038472933333333,,0.0003,,,vqm4avvj,earthy-sweep-4,d5_full_hard_pred
,0.0551883727312088,30000,,,0.025211093412376106,3097816.0,,,3661,78397.704116687,1788011450.8927956,0.8038052400000001,,0.0003,,,vqm4avvj,earthy-sweep-4,d5_full_hard_pred
,0.04696144163608551,30000,,,0.031072294309466477,3101912.0,,,3665,78500.737306975,1788011553.8521268,0.8035458266666666,,0.0003,,,vqm4avvj,earthy-sweep-4,d5_full_hard_pred
,0.0749695748090744,30000,,,0.03116301676765112,3127176.0,,,3696,79142.112597617,1788012195.2662098,0.8019457733333334,,0.0003,,,vqm4avvj,earthy-sweep-4,d5_full_hard_pred
,0.059962548315525055,30000,,,0.019381956318905748,3128628.0,,,3697,79178.388792439,1788012231.5499284,0.8018538133333334,,0.0003,,,vqm4avvj,earthy-sweep-4,d5_full_hard_pred
,0.04984871670603752,30000,,,0.025942576479513507,3146888.0,,,3720,79639.163245486,1788012692.33456,0.8006973466666667,,0.0003,,,vqm4avvj,earthy-sweep-4,d5_full_hard_pred
,0.06260660290718079,30000,,,0.13545027244851676,3159228.0,,,3735,79949.880574684,1788013003.0362937,0.7999158133333333,,0.0003,,,vqm4avvj,earthy-sweep-4,d5_full_hard_pred
,0.05264058709144592,30000,,,0.030095113819702157,3166284.0,,,3744,80127.10315741,1788013180.231406,0.7994689333333334,,0.0003,,,vqm4avvj,earthy-sweep-4,d5_full_hard_pred
,0.07027381658554077,30000,,,0.08675416049668727,3202340.0,,,3785,81035.416985098,1788014088.5833325,0.7971853866666667,,0.0003,,,vqm4avvj,earthy-sweep-4,d5_full_hard_pred
,0.05395633354783058,30000,,,0.039656484840587286,3209876.0,,,3794,81225.571593894,1788014278.7355797,0.7967081066666667,,0.0003,,,vqm4avvj,earthy-sweep-4,d5_full_hard_pred
,0.0425504595041275,30000,,,0.027706208615150964,3225504.0,,,3813,81620.599409506,1788014673.7716444,0.7957183333333334,,0.0003,,,vqm4avvj,earthy-sweep-4,d5_full_hard_pred
,0.05739448964595795,30000,,,0.05051019586754085,3228716.0,,,3818,81701.953004697,1788014755.1161704,0.7955149066666666,,0.0003,,,vqm4avvj,earthy-sweep-4,d5_full_hard_pred
,0.05739322677254677,30000,,,0.03245102671680109,3231040.0,,,3820,81761.084497972,1788014814.2409196,0.79536772,,0.0003,,,vqm4avvj,earthy-sweep-4,d5_full_hard_pred
,0.0500771701335907,30000,,,0.011470913922411435,3258420.0,,,3853,82453.97985461,1788015507.1362638,0.7936336533333334,,0.0003,,,vqm4avvj,earthy-sweep-4,d5_full_hard_pred
,0.053773798048496246,30000,,,0.07487730181394464,3262732.0,,,3859,82563.422319301,1788015616.5849469,0.79336056,,0.0003,,,vqm4avvj,earthy-sweep-4,d5_full_hard_pred
,0.04224260151386261,30000,,,0.09770814948797281,3263760.0,,,3860,82589.589047404,1788015642.7458096,0.7932954533333333,,0.0003,,,vqm4avvj,earthy-sweep-4,d5_full_hard_pred
,0.06933470815420151,30000,,,0.17585936070481512,3267272.0,,,3863,82678.440387056,1788015731.5926178,0.7930730266666667,,0.0003,,,vqm4avvj,earthy-sweep-4,d5_full_hard_pred
,0.0605243518948555,30000,,,0.07320104025000211,3284076.0,,,3883,83100.816199534,1788016153.9700205,0.7920087733333333,,0.0003,,,vqm4avvj,earthy-sweep-4,d5_full_hard_pred
,0.053376488387584686,30000,,,0.022265336242505547,3292384.0,,,3892,83309.913741091,1788016363.0816154,0.7914826,,0.0003,,,vqm4avvj,earthy-sweep-4,d5_full_hard_pred
,0.037473760545253754,30000,,,0.05650331609563333,3297396.0,,,3898,83435.911844988,1788016489.068727,0.7911651733333334,,0.0003,,,vqm4avvj,earthy-sweep-4,d5_full_hard_pred
,0.06681877374649048,30000,,,0.16826616954595475,3311088.0,,,3914,83780.149470168,1788016833.3044245,0.7902980133333333,,0.0003,,,vqm4avvj,earthy-sweep-4,d5_full_hard_pred
,0.06822626292705536,30000,,,0.08532395047385659,3313016.0,,,3916,83829.061714418,1788016882.2346663,0.7901759066666667,,0.0003,,,vqm4avvj,earthy-sweep-4,d5_full_hard_pred
,0.048132166266441345,30000,,,0.021086054855282903,3317284.0,,,3921,83936.792238373,1788016989.956706,0.7899056,,0.0003,,,vqm4avvj,earthy-sweep-4,d5_full_hard_pred
,0.052537716925144196,30000,,,0.06364849012041521,3332532.0,,,3938,84320.343175135,1788017373.5299413,0.7889398933333334,,0.0003,,,vqm4avvj,earthy-sweep-4,d5_full_hard_pred
,0.05606367439031601,30000,,,0.06471583423981656,3345616.0,,,3953,84650.798107231,1788017703.9593909,0.78811124,,0.0003,,,vqm4avvj,earthy-sweep-4,d5_full_hard_pred
,0.056177768856287,30000,,,0.05710447400530429,3351476.0,,,3961,84798.571576438,1788017851.7417471,0.7877401066666666,,0.0003,,,vqm4avvj,earthy-sweep-4,d5_full_hard_pred
,0.057281944900751114,30000,,,0.02996029108982495,3367300.0,,,3979,85201.207088486,1788018254.3634202,0.78673792,,0.0003,,,vqm4avvj,earthy-sweep-4,d5_full_hard_pred
,0.06267381459474564,30000,,,0.039040856641304036,3380524.0,,,3995,85533.581117617,1788018586.735803,0.7859003999999999,,0.0003,,,vqm4avvj,earthy-sweep-4,d5_full_hard_pred
,0.04733794927597046,30000,,,0.021962386659153378,3381696.0,,,3995,85563.079035554,1788018616.2423654,0.7858261733333334,,0.0003,,,vqm4avvj,earthy-sweep-4,d5_full_hard_pred
,0.052680548280477524,30000,,,0.04980785915034273,3459456.0,,,4089,87525.433161999,1788020578.5949256,0.7809013733333333,,0.0003,,,vqm4avvj,earthy-sweep-4,d5_full_hard_pred
,0.047741636633872986,30000,,,0.1898953187644044,3509692.0,,,4151,88792.914703561,1788021846.0944762,0.77771976,,0.0003,,,vqm4avvj,earthy-sweep-4,d5_full_hard_pred
,0.050986044108867645,30000,,,0.028517111131500152,3510820.0,,,4152,88818.386583286,1788021871.5652754,0.7776483200000001,,0.0003,,,vqm4avvj,earthy-sweep-4,d5_full_hard_pred
,0.059229008853435516,30000,,,0.028236831075500256,3528700.0,,,4173,89207.486686083,1788022260.6622531,0.77651592,,0.0003,,,vqm4avvj,earthy-sweep-4,d5_full_hard_pred
,0.054264605045318604,30000,,,0.0764685231771587,3536720.0,,,4184,89382.203513964,1788022435.3772235,0.7760079866666667,,0.0003,,,vqm4avvj,earthy-sweep-4,d5_full_hard_pred
,0.06091322377324104,30000,,,0.030075735337374843,3562604.0,,,4214,89945.751514052,1788022998.9259708,0.7743686666666667,,0.0003,,,vqm4avvj,earthy-sweep-4,d5_full_hard_pred
,0.04807358235120773,30000,,,0.08924998573191577,3567200.0,,,4219,90045.740942654,1788023098.9164672,0.7740775866666667,,0.0003,,,vqm4avvj,earthy-sweep-4,d5_full_hard_pred
,0.04205700755119324,3084,,,0.2111680340914869,3092.0,,,0,52.0206795,1787933107.1995966,0.9998044266666667,,0.0003,,,x5j56e71,ethereal-sweep-5,d5_full_soft_noPred
,0.18289248645305634,3592,,,1.0793774864565644,3608.0,,,4,65.423262583,1787933120.6294878,0.9997717466666667,,0.0003,,,x5j56e71,ethereal-sweep-5,d5_full_soft_noPred
,0.02952001243829727,23476,,,0.20381359663926987,23536.0,,,26,568.11832736,1787933623.3200338,0.99850964,,0.0003,,,x5j56e71,ethereal-sweep-5,d5_full_soft_noPred
,0.0065790219232439995,30000,,,0.10681504465849047,34672.0,,,39,843.469761039,1787933898.6741018,0.9978043600000001,,0.0003,,,x5j56e71,ethereal-sweep-5,d5_full_soft_noPred
,0.0044541554525494576,30000,,,0.09102247052203721,45820.0,,,52,1126.257033265,1787934181.4457443,0.99709832,,0.0003,,,x5j56e71,ethereal-sweep-5,d5_full_soft_noPred
,0.004921693354845047,30000,,,0.0955016964104071,53152.0,,,60,1311.365265739,1787934366.569957,0.99663396,,0.0003,,,x5j56e71,ethereal-sweep-5,d5_full_soft_noPred
,0.0035417494364082813,30000,,,0.10032108587837549,61472.0,,,71,1520.622859392,1787934575.8268826,0.9961070266666666,,0.0003,,,x5j56e71,ethereal-sweep-5,d5_full_soft_noPred
,0.0019124336540699005,30000,,,0.10649186137334372,96892.0,,,112,2411.170830257,1787935466.3779275,0.99386376,,0.0003,,,x5j56e71,ethereal-sweep-5,d5_full_soft_noPred
,0.0021960698068141937,30000,,,0.046634722926455825,134520.0,,,159,3356.401027146,1787936411.6100523,0.9914806533333334,,0.0003,,,x5j56e71,ethereal-sweep-5,d5_full_soft_noPred
,0.0018631278071552515,30000,,,0.03128896132669502,137224.0,,,160,3424.158620702,1787936479.3562555,0.9913094,,0.0003,,,x5j56e71,ethereal-sweep-5,d5_full_soft_noPred
,0.003767051501199603,30000,,,0.16023068577030908,180336.0,,,212,4502.464791586,1787937557.666996,0.9885789733333333,,0.0003,,,x5j56e71,ethereal-sweep-5,d5_full_soft_noPred
,0.003894498571753502,30000,,,0.11009068201641904,190152.0,,,224,4748.280566605,1787937803.4783504,0.9879572933333334,,0.0003,,,x5j56e71,ethereal-sweep-5,d5_full_soft_noPred
,0.002981607336550951,30000,,,0.041419789635916346,207760.0,,,244,5190.176855967,1787938245.3851278,0.9868421199999999,,0.0003,,,x5j56e71,ethereal-sweep-5,d5_full_soft_noPred
,0.0028622145764529705,30000,,,0.06248617561233261,219084.0,,,259,5474.298559647,1787938529.4989998,0.9861249333333333,,0.0003,,,x5j56e71,ethereal-sweep-5,d5_full_soft_noPred
,0.0021379045210778713,30000,,,0.04757653261985599,224348.0,,,265,5606.606247487,1787938661.826361,0.9857915466666666,,0.0003,,,x5j56e71,ethereal-sweep-5,d5_full_soft_noPred
,0.003942892421036959,30000,,,0.07558046381159664,242208.0,,,285,6055.422704145,1787939110.6224833,0.9846604133333334,,0.0003,,,x5j56e71,ethereal-sweep-5,d5_full_soft_noPred
,0.0021306558046489954,30000,,,0.03827307583804909,246884.0,,,292,6173.855954061,1787939229.0571105,0.9843642666666668,,0.0003,,,x5j56e71,ethereal-sweep-5,d5_full_soft_noPred
,0.0024641957134008408,30000,,,0.0625417897956084,248260.0,,,292,6208.517396685,1787939263.6629987,0.98427712,,0.0003,,,x5j56e71,ethereal-sweep-5,d5_full_soft_noPred
,0.002984195714816451,30000,,,0.05687136368307304,254656.0,,,300,6367.230679598,1787939422.4261825,0.98387204,,0.0003,,,x5j56e71,ethereal-sweep-5,d5_full_soft_noPred
,0.0019522045040503144,30000,,,0.037420593832789555,271068.0,,,320,6778.015641196,1787939833.2147543,0.9828326133333334,,0.0003,,,x5j56e71,ethereal-sweep-5,d5_full_soft_noPred
,0.0021427369210869074,30000,,,0.034749924594756385,286852.0,,,337,7167.640081312,1787940222.8420515,0.98183296,,0.0003,,,x5j56e71,ethereal-sweep-5,d5_full_soft_noPred
,0.0032787814270704985,30000,,,0.06936018315582466,313852.0,,,370,7846.983586146,1787940902.1841733,0.98012296,,0.0003,,,x5j56e71,ethereal-sweep-5,d5_full_soft_noPred
,0.0023050413001328707,30000,,,0.03127327000120744,327224.0,,,385,8183.961496913,1787941239.1689415,0.9792760666666667,,0.0003,,,x5j56e71,ethereal-sweep-5,d5_full_soft_noPred
,0.0021540909074246883,30000,,,0.041829834536506544,363460.0,,,428,9092.705717508,1787942147.9073284,0.97698112,,0.0003,,,x5j56e71,ethereal-sweep-5,d5_full_soft_noPred
,0.002376875374466181,30000,,,0.03748634172283885,368716.0,,,435,9225.265705523,1787942280.479064,0.9766482400000001,,0.0003,,,x5j56e71,ethereal-sweep-5,d5_full_soft_noPred
,0.004333818797022104,30000,,,0.07060418558622837,394808.0,,,465,9881.68797167,1787942936.8893027,0.9749957466666667,,0.0003,,,x5j56e71,ethereal-sweep-5,d5_full_soft_noPred
,0.0030365153215825558,30000,,,0.05303016089210751,408672.0,,,481,10231.277100023,1787943286.4793234,0.9741176933333333,,0.0003,,,x5j56e71,ethereal-sweep-5,d5_full_soft_noPred
,0.0017647627973929048,30000,,,0.03095689171026144,417520.0,,,493,10453.765784522,1787943508.9725225,0.97355732,,0.0003,,,x5j56e71,ethereal-sweep-5,d5_full_soft_noPred
,0.00247388007119298,30000,,,0.04612857288604405,475748.0,,,560,11918.003386818,1787944973.1977606,0.9698695466666666,,0.0003,,,x5j56e71,ethereal-sweep-5,d5_full_soft_noPred
,0.002381771570071578,30000,,,0.04810249138963922,487032.0,,,573,12202.442633285,1787945257.6350515,0.9691548933333334,,0.0003,,,x5j56e71,ethereal-sweep-5,d5_full_soft_noPred
,0.0017667823703959584,30000,,,0.034141424623581045,521712.0,,,614,13068.96145065,1787946124.1552787,0.9669584933333334,,0.0003,,,x5j56e71,ethereal-sweep-5,d5_full_soft_noPred
,0.003402523696422577,30000,,,0.06420256696051727,522848.0,,,616,13097.028701159,1787946152.2273226,0.9668865466666667,,0.0003,,,x5j56e71,ethereal-sweep-5,d5_full_soft_noPred
,0.0012616229942068458,30000,,,0.025209390711461208,536260.0,,,630,13433.610879631,1787946488.8127358,0.9660371200000001,,0.0003,,,x5j56e71,ethereal-sweep-5,d5_full_soft_noPred
,0.0025031447876244783,30000,,,0.047849500234213506,537260.0,,,633,13459.205546649,1787946514.407027,0.9659737866666667,,0.0003,,,x5j56e71,ethereal-sweep-5,d5_full_soft_noPred
,0.0016960632055997849,30000,,,0.02874827872503586,547112.0,,,643,13706.233136418,1787946761.4400876,0.9653498266666667,,0.0003,,,x5j56e71,ethereal-sweep-5,d5_full_soft_noPred
,0.0017452347092330456,30000,,,0.04037321110359415,574400.0,,,676,14392.897772937,1787947448.0905,0.9636215866666666,,0.0003,,,x5j56e71,ethereal-sweep-5,d5_full_soft_noPred
,0.0013317200355231762,30000,,,0.028165508550887574,590056.0,,,695,14790.588799598,1787947845.7886288,0.9626300400000001,,0.0003,,,x5j56e71,ethereal-sweep-5,d5_full_soft_noPred
,0.001147982431575656,30000,,,0.027034345774530084,593228.0,,,698,14871.055197519,1787947926.2575102,0.9624291466666667,,0.0003,,,x5j56e71,ethereal-sweep-5,d5_full_soft_noPred
,0.0019439543830230832,30000,,,0.03751301926551919,604672.0,,,711,15159.626037283,1787948214.8218176,0.96170436,,0.0003,,,x5j56e71,ethereal-sweep-5,d5_full_soft_noPred
,0.0011855755001306534,30000,,,0.02547707151222649,606784.0,,,714,15213.352854122,1787948268.5546753,0.9615705999999999,,0.0003,,,x5j56e71,ethereal-sweep-5,d5_full_soft_noPred
,0.0035709403455257416,30000,,,0.05833560112344459,673024.0,,,793,16874.409798065,1787949929.6092005,0.9573754,,0.0003,,,x5j56e71,ethereal-sweep-5,d5_full_soft_noPred
,0.002113873139023781,30000,,,0.04455624905696444,692368.0,,,815,17358.036931494,1787950413.237052,0.95615028,,0.0003,,,x5j56e71,ethereal-sweep-5,d5_full_soft_noPred
27.0,0.001246016938239336,30000,150.0,98.0,0.02658801028929114,694808.0,-21.0,-1.0,818,17419.886357279,1787950475.0886805,0.9559957466666666,-21.0,0.0003,25.0,0.0,x5j56e71,ethereal-sweep-5,d5_full_soft_noPred
,0.002227434189990163,30000,,,0.059774430363196907,696040.0,,,820,17450.675329416,1787950505.8829918,0.9559177200000001,,0.0003,,,x5j56e71,ethereal-sweep-5,d5_full_soft_noPred
,0.0016122983070090413,30000,,,0.025297775945444696,705760.0,,,831,17696.704624718,1787950751.9041653,0.9553021199999999,,0.0003,,,x5j56e71,ethereal-sweep-5,d5_full_soft_noPred
,0.0020422660745680332,30000,,,0.038076452967496274,706676.0,,,833,17720.208838389,1787950775.403777,0.9552441066666667,,0.0003,,,x5j56e71,ethereal-sweep-5,d5_full_soft_noPred
,0.0021470508072525263,30000,,,0.05962896437677006,732764.0,,,862,18376.283797241,1787951431.4406924,0.9535918666666666,,0.0003,,,x5j56e71,ethereal-sweep-5,d5_full_soft_noPred
,0.003293348476290703,30000,,,0.0725126863580095,755576.0,,,889,18951.890057754,1787952007.0347502,0.9521471066666667,,0.0003,,,x5j56e71,ethereal-sweep-5,d5_full_soft_noPred
,0.0030229371041059494,30000,,,0.05910210374994713,823564.0,,,967,20668.535523489,1787953723.7180078,0.9478412,,0.0003,,,x5j56e71,ethereal-sweep-5,d5_full_soft_noPred
,0.0038033893797546625,30000,,,0.08431069037799498,829876.0,,,975,20827.920619556,1787953883.1239922,0.9474414400000001,,0.0003,,,x5j56e71,ethereal-sweep-5,d5_full_soft_noPred
,0.0021965294145047665,30000,,,0.047325625259464814,836240.0,,,983,20988.748147575,1787954043.9445667,0.9470383866666666,,0.0003,,,x5j56e71,ethereal-sweep-5,d5_full_soft_noPred
,0.003718593157827854,30000,,,0.08428055405858643,839960.0,,,987,21081.352964365,1787954136.5523624,0.9468027866666666,,0.0003,,,x5j56e71,ethereal-sweep-5,d5_full_soft_noPred
,0.0034270877949893475,30000,,,0.08443232463232361,840824.0,,,987,21103.280716249,1787954158.4796152,0.9467480666666667,,0.0003,,,x5j56e71,ethereal-sweep-5,d5_full_soft_noPred
,0.0015669707208871841,30000,,,0.037966961569285355,884152.0,,,1039,22198.196637258,1787955253.3981037,0.94400396,,0.0003,,,x5j56e71,ethereal-sweep-5,d5_full_soft_noPred
,0.003638134803622961,30000,,,0.05176578932001711,897952.0,,,1055,22546.02690192,1787955601.234279,0.94312996,,0.0003,,,x5j56e71,ethereal-sweep-5,d5_full_soft_noPred
,0.0009764201240614057,30000,,,0.023146259901995245,909052.0,,,1067,22825.374843496,1787955880.5785267,0.94242696,,0.0003,,,x5j56e71,ethereal-sweep-5,d5_full_soft_noPred
,0.0020329346880316734,30000,,,0.052374236308722504,910004.0,,,1068,22849.391054706,1787955904.6096532,0.9423666666666667,,0.0003,,,x5j56e71,ethereal-sweep-5,d5_full_soft_noPred
,0.001274818554520607,30000,,,0.026390377575202448,955224.0,,,1121,23989.0052217,1787957044.206512,0.9395027333333333,,0.0003,,,x5j56e71,ethereal-sweep-5,d5_full_soft_noPred
,0.00144896749407053,30000,,,0.029388306437131778,971112.0,,,1140,24390.925313696,1787957446.127771,0.9384964933333334,,0.0003,,,x5j56e71,ethereal-sweep-5,d5_full_soft_noPred
,0.0017344863153994083,30000,,,0.04211199220150389,985180.0,,,1156,24743.8914889,1787957799.086788,0.93760552,,0.0003,,,x5j56e71,ethereal-sweep-5,d5_full_soft_noPred
,0.002640404738485813,30000,,,0.06139646532271941,1011772.0,,,1188,25412.998114275,1787958468.1970885,0.9359213599999999,,0.0003,,,x5j56e71,ethereal-sweep-5,d5_full_soft_noPred
,0.003042597556486726,30000,,,0.05416309830562653,1022076.0,,,1199,25669.852398007,1787958725.0605602,0.9352687733333334,,0.0003,,,x5j56e71,ethereal-sweep-5,d5_full_soft_noPred
,0.0038860030472278595,30000,,,0.06749259209728715,1025896.0,,,1203,25764.653887502,1787958819.8465803,0.93502684,,0.0003,,,x5j56e71,ethereal-sweep-5,d5_full_soft_noPred
,0.00642459187656641,30000,,,0.12336606287138716,1040224.0,,,1219,26127.472270369,1787959182.6738648,0.9341194,,0.0003,,,x5j56e71,ethereal-sweep-5,d5_full_soft_noPred
,0.002295449376106262,30000,,,0.05130359313087978,1063876.0,,,1247,26724.148606597,1787959779.347677,0.93262144,,0.0003,,,x5j56e71,ethereal-sweep-5,d5_full_soft_noPred
,0.0017182191368192434,30000,,,0.044029725279293344,1073584.0,,,1259,26968.185249475,1787960023.3854487,0.9320066,,0.0003,,,x5j56e71,ethereal-sweep-5,d5_full_soft_noPred
,0.0012844041921198368,30000,,,0.02558356207548684,1082812.0,,,1270,27198.181494984,1787960253.3924491,0.93142216,,0.0003,,,x5j56e71,ethereal-sweep-5,d5_full_soft_noPred
,0.002205577213317156,30000,,,0.04651508111187057,1091476.0,,,1279,27416.416308583,1787960471.6163628,0.93087344,,0.0003,,,x5j56e71,ethereal-sweep-5,d5_full_soft_noPred
,0.002150036860257387,30000,,,0.048447348784702686,1112088.0,,,1304,27933.873934104,1787960989.0345469,0.9295680133333334,,0.0003,,,x5j56e71,ethereal-sweep-5,d5_full_soft_noPred
,0.001541290432214737,30000,,,0.03559294668528349,1141352.0,,,1338,28669.508166197,1787961724.7099743,0.9277146266666667,,0.0003,,,x5j56e71,ethereal-sweep-5,d5_full_soft_noPred
,0.0013995897024869919,30000,,,0.029785015078299625,1151916.0,,,1350,28933.789197365,1787961988.994655,0.9270455733333334,,0.0003,,,x5j56e71,ethereal-sweep-5,d5_full_soft_noPred
,0.0016035661101341248,30000,,,0.028937722441800234,1190368.0,,,1394,29898.363574423,1787962953.5705264,0.92461028,,0.0003,,,x5j56e71,ethereal-sweep-5,d5_full_soft_noPred
,0.0011644081678241491,30000,,,0.02831519767988087,1210508.0,,,1417,30400.509923384,1787963455.7043006,0.9233347466666667,,0.0003,,,x5j56e71,ethereal-sweep-5,d5_full_soft_noPred
,0.002989371307194233,30000,,,0.06915090088112644,1239460.0,,,1451,31128.826286147,1787964184.027825,0.9215011200000001,,0.0003,,,x5j56e71,ethereal-sweep-5,d5_full_soft_noPred
,0.0012998264282941818,30000,,,0.022692907645635935,1271112.0,,,1487,31922.892177926,1787964978.0951815,0.9194964933333334,,0.0003,,,x5j56e71,ethereal-sweep-5,d5_full_soft_noPred
,0.0015760755632072687,30000,,,0.03912993289804955,1274328.0,,,1491,32004.945759301,1787965060.1399772,0.9192928133333333,,0.0003,,,x5j56e71,ethereal-sweep-5,d5_full_soft_noPred
,0.0012268087593838573,30000,,,0.03900060696955874,1304020.0,,,1526,32749.513631804,1787965804.716011,0.9174123200000001,,0.0003,,,x5j56e71,ethereal-sweep-5,d5_full_soft_noPred
,0.0019475105218589306,30000,,,0.032907050093750195,1310932.0,,,1532,32921.367593898,1787965976.5624573,0.91697456,,0.0003,,,x5j56e71,ethereal-sweep-5,d5_full_soft_noPred
,0.0013374309055507183,30000,,,0.02764880113185337,1311820.0,,,1534,32943.491144661,1787965998.6927688,0.91691832,,0.0003,,,x5j56e71,ethereal-sweep-5,d5_full_soft_noPred
,0.0018845557933673263,30000,,,0.0355276623142762,1387184.0,,,1621,34829.387858306,1787967884.5909061,0.9121452666666666,,0.0003,,,x5j56e71,ethereal-sweep-5,d5_full_soft_noPred
,0.0018829182954505086,30000,,,0.047878305838751765,1472756.0,,,1718,36971.200981428,1787970026.4185922,0.9067257066666666,,0.0003,,,x5j56e71,ethereal-sweep-5,d5_full_soft_noPred
,0.0012937289429828525,30000,,,0.029685151189720226,1478068.0,,,1726,37103.936938855,1787970159.1387374,0.90638928,,0.0003,,,x5j56e71,ethereal-sweep-5,d5_full_soft_noPred
,0.0016767220804467797,30000,,,0.05017686166718479,1520372.0,,,1775,38163.125080226,1787971218.3251257,0.9037100266666667,,0.0003,,,x5j56e71,ethereal-sweep-5,d5_full_soft_noPred
,0.0012708588037639856,30000,,,0.03132314530300458,1571944.0,,,1835,39451.425649742,1787972506.6297827,0.9004438,,0.0003,,,x5j56e71,ethereal-sweep-5,d5_full_soft_noPred
,0.001724686473608017,30000,,,0.03286065069945849,1584248.0,,,1848,39759.888659673,1787972815.0906157,0.8996645466666666,,0.0003,,,x5j56e71,ethereal-sweep-5,d5_full_soft_noPred
,0.0013918098993599415,30000,,,0.024805156240692162,1589024.0,,,1852,39879.391966781,1787972934.593769,0.8993620666666667,,0.0003,,,x5j56e71,ethereal-sweep-5,d5_full_soft_noPred
,0.001832555397413671,30000,,,0.03740741039529383,1603184.0,,,1869,40233.650283571,1787973288.8452928,0.8984652666666667,,0.0003,,,x5j56e71,ethereal-sweep-5,d5_full_soft_noPred
,0.002221357077360153,30000,,,0.0485104973186086,1623300.0,,,1892,40737.875974484,1787973793.0783644,0.8971912533333333,,0.0003,,,x5j56e71,ethereal-sweep-5,d5_full_soft_noPred
,0.0037956470623612404,30000,,,0.08450308476806477,1630084.0,,,1899,40906.051078734,1787973961.2525918,0.8967616,,0.0003,,,x5j56e71,ethereal-sweep-5,d5_full_soft_noPred
,0.0030106178019195795,30000,,,0.06726164667749288,1650984.0,,,1924,41428.567069523,1787974483.7680602,0.8954379333333333,,0.0003,,,x5j56e71,ethereal-sweep-5,d5_full_soft_noPred
,0.0031168111599981785,30000,,,0.05831484764023218,1657076.0,,,1930,41580.28661818,1787974635.5069401,0.8950521066666667,,0.0003,,,x5j56e71,ethereal-sweep-5,d5_full_soft_noPred
,0.003487321548163891,30000,,,0.06490150894761001,1670536.0,,,1946,41916.372329516,1787974971.581331,0.89419964,,0.0003,,,x5j56e71,ethereal-sweep-5,d5_full_soft_noPred
,0.002336769597604871,30000,,,0.04965401865224112,1690068.0,,,1970,42403.219296899,1787975458.420557,0.8929626133333334,,0.0003,,,x5j56e71,ethereal-sweep-5,d5_full_soft_noPred
,0.0039293766021728516,30000,,,0.06220102956479804,1723920.0,,,2010,43249.523941607,1787976304.727533,0.8908186533333334,,0.0003,,,x5j56e71,ethereal-sweep-5,d5_full_soft_noPred
,0.0019193105399608612,30000,,,0.04898237396466462,1739064.0,,,2026,43628.160988067,1787976683.3649673,0.8898595333333333,,0.0003,,,x5j56e71,ethereal-sweep-5,d5_full_soft_noPred
,0.003621190320700407,30000,,,0.06082822658387464,1756232.0,,,2047,44055.761764868,1787977110.9543684,0.8887722266666667,,0.0003,,,x5j56e71,ethereal-sweep-5,d5_full_soft_noPred
,0.004250666592270136,30000,,,0.08306095011307608,1796380.0,,,2093,45060.237914424,1787978115.4404752,0.88622952,,0.0003,,,x5j56e71,ethereal-sweep-5,d5_full_soft_noPred
,0.0034618726931512356,30000,,,0.0523428793807789,1830384.0,,,2134,45910.342146119,1787978965.5437343,0.8840759333333333,,0.0003,,,x5j56e71,ethereal-sweep-5,d5_full_soft_noPred
,0.0028261139523237944,30000,,,0.06707966643525805,1844188.0,,,2151,46259.335595892,1787979314.5346673,0.88320168,,0.0003,,,x5j56e71,ethereal-sweep-5,d5_full_soft_noPred
,0.004243974108248949,30000,,,0.06826373087378464,1849324.0,,,2155,46387.465537145,1787979442.6595232,0.8828764,,0.0003,,,x5j56e71,ethereal-sweep-5,d5_full_soft_noPred
,0.0051625496707856655,30000,,,0.07063211112307546,1875532.0,,,2187,47045.060654216,1787980100.2624776,0.88121656,,0.0003,,,x5j56e71,ethereal-sweep-5,d5_full_soft_noPred
,0.002635206561535597,30000,,,0.055086054655868265,1891936.0,,,2205,47452.880165639,1787980508.0811381,0.88017764,,0.0003,,,x5j56e71,ethereal-sweep-5,d5_full_soft_noPred
,0.002124644350260496,30000,,,0.04314694641812365,1896432.0,,,2211,47565.435038632,1787980620.638439,0.8798928933333333,,0.0003,,,x5j56e71,ethereal-sweep-5,d5_full_soft_noPred
,0.0027759880758821964,30000,,,0.06928567855939606,1901084.0,,,2217,47682.857585648,1787980738.057964,0.8795982666666666,,0.0003,,,x5j56e71,ethereal-sweep-5,d5_full_soft_noPred
,0.003571232780814171,30000,,,0.06031815495526013,1901376.0,,,2217,47690.240927308,1787980745.4457996,0.8795797733333334,,0.0003,,,x5j56e71,ethereal-sweep-5,d5_full_soft_noPred
,0.0049507152289152145,30000,,,0.07730656185095823,1916308.0,,,2233,48064.059560585,1787981119.2624936,0.87863408,,0.0003,,,x5j56e71,ethereal-sweep-5,d5_full_soft_noPred
,0.005316875874996185,30000,,,0.0689700262031605,1928760.0,,,2249,48374.593824865,1787981429.794415,0.8778454533333334,,0.0003,,,x5j56e71,ethereal-sweep-5,d5_full_soft_noPred
,0.001567767933011055,30000,,,0.026913145296667766,1973436.0,,,2299,49486.930393264,1787982542.1295333,0.8750159733333334,,0.0003,,,x5j56e71,ethereal-sweep-5,d5_full_soft_noPred
,0.005604604259133339,30000,,,0.07675612381832277,1982072.0,,,2310,49703.273674781,1787982758.4782248,0.8744690266666666,,0.0003,,,x5j56e71,ethereal-sweep-5,d5_full_soft_noPred
,0.0022893170826137066,30000,,,0.05348562634767759,2000704.0,,,2331,50167.743240735,1787983222.938159,0.873289,,0.0003,,,x5j56e71,ethereal-sweep-5,d5_full_soft_noPred
,0.0028042288031429052,30000,,,0.05163150510025372,2003952.0,,,2335,50248.712090443,1787983303.9315448,0.8730832933333333,,0.0003,,,x5j56e71,ethereal-sweep-5,d5_full_soft_noPred
,0.003407342592254281,30000,,,0.0615281697043249,2077988.0,,,2420,52094.273451663,1787985149.476023,0.8683943466666667,,0.0003,,,x5j56e71,ethereal-sweep-5,d5_full_soft_noPred
,0.0021334048360586166,30000,,,0.04641977183449734,2091464.0,,,2436,52431.021317262,1787985486.2346325,0.8675408666666666,,0.0003,,,x5j56e71,ethereal-sweep-5,d5_full_soft_noPred
,0.00292967795394361,30000,,,0.04483462132159045,2094696.0,,,2438,52512.457658183,1787985567.610181,0.8673361733333333,,0.0003,,,x5j56e71,ethereal-sweep-5,d5_full_soft_noPred
,0.0018556301947683096,30000,,,0.03286999358777502,2111904.0,,,2459,52938.043423717,1787985993.2469842,0.8662463333333333,,0.0003,,,x5j56e71,ethereal-sweep-5,d5_full_soft_noPred
,0.0022601746022701263,30000,,,0.04033041933696772,2118928.0,,,2468,53112.201127162,1787986167.4057736,0.86580148,,0.0003,,,x5j56e71,ethereal-sweep-5,d5_full_soft_noPred
,0.001834026537835598,30000,,,0.039293161646258234,2147856.0,,,2501,53834.392114392,1787986889.590591,0.8639693733333333,,0.0003,,,x5j56e71,ethereal-sweep-5,d5_full_soft_noPred
,0.0023670147638767958,30000,,,0.04628995361260047,2236152.0,,,2605,56032.032829613,1787989087.2280185,0.8583772933333333,,0.0003,,,x5j56e71,ethereal-sweep-5,d5_full_soft_noPred
,0.0017349820118397474,30000,,,0.03853410281396656,2285916.0,,,2662,57276.599657601,1787990331.7660875,0.8552255733333334,,0.0003,,,x5j56e71,ethereal-sweep-5,d5_full_soft_noPred
,0.0011776960454881191,30000,,,0.023810595504388427,2288168.0,,,2666,57332.649731976,1787990387.857155,0.8550829466666667,,0.0003,,,x5j56e71,ethereal-sweep-5,d5_full_soft_noPred
,0.0038843066431581974,30000,,,0.07778381042553031,2334276.0,,,2719,58480.360628847,1787991535.5631554,0.8521627733333333,,0.0003,,,x5j56e71,ethereal-sweep-5,d5_full_soft_noPred
,0.001467971713282168,30000,,,0.029261251765275307,2343432.0,,,2730,58706.746634947,1787991761.9504683,0.8515828933333334,,0.0003,,,x5j56e71,ethereal-sweep-5,d5_full_soft_noPred
,0.0021582453045994043,30000,,,0.03729268178274063,2358280.0,,,2746,59074.405644046,1787992129.6072052,0.8506425200000001,,0.0003,,,x5j56e71,ethereal-sweep-5,d5_full_soft_noPred
,0.003385848132893443,30000,,,0.052375939317620884,2376116.0,,,2766,59518.065542954,1787992573.2705438,0.8495129066666667,,0.0003,,,x5j56e71,ethereal-sweep-5,d5_full_soft_noPred
,0.0034122983925044537,30000,,,0.05867531764763161,2381508.0,,,2774,59651.053317641,1787992706.2464848,0.8491714133333333,,0.0003,,,x5j56e71,ethereal-sweep-5,d5_full_soft_noPred
,0.00233842502348125,30000,,,0.029477739731787182,2403492.0,,,2800,60199.28006988,1787993254.5063643,0.8477790933333333,,0.0003,,,x5j56e71,ethereal-sweep-5,d5_full_soft_noPred
,0.003284882288426161,30000,,,0.051557204130792136,2405048.0,,,2801,60237.91672492,1787993293.1107242,0.8476805466666667,,0.0003,,,x5j56e71,ethereal-sweep-5,d5_full_soft_noPred
,0.004142478108406067,30000,,,0.06282178305910575,2424768.0,,,2823,60731.722362263,1787993786.915168,0.8464316133333333,,0.0003,,,x5j56e71,ethereal-sweep-5,d5_full_soft_noPred
,0.00250050937756896,30000,,,0.04857414758072612,2473644.0,,,2880,61949.035288481,1787995004.2354445,0.8433361333333333,,0.0003,,,x5j56e71,ethereal-sweep-5,d5_full_soft_noPred
,0.00159653730224818,30000,,,0.02716135513090801,2503848.0,,,2915,62702.404197446,1787995757.626666,0.8414232133333334,,0.0003,,,x5j56e71,ethereal-sweep-5,d5_full_soft_noPred
,0.005349372513592243,30000,,,0.07954764486547208,2615460.0,,,3042,65486.467917141,1787998541.6757243,0.8343544533333334,,0.0003,,,x5j56e71,ethereal-sweep-5,d5_full_soft_noPred
,0.005229504778981209,30000,,,0.06844220560623088,2616868.0,,,3044,65521.504019658,1787998576.7099984,0.83426528,,0.0003,,,x5j56e71,ethereal-sweep-5,d5_full_soft_noPred
,0.004258465953171253,30000,,,0.05948257922569536,2640828.0,,,3071,66121.268479882,1787999176.4698179,0.8327478133333334,,0.0003,,,x5j56e71,ethereal-sweep-5,d5_full_soft_noPred
,0.005429472774267197,30000,,,0.07198873096030342,2651708.0,,,3083,66393.170495289,1787999448.370483,0.8320587466666667,,0.0003,,,x5j56e71,ethereal-sweep-5,d5_full_soft_noPred
,0.0031805846374481916,30000,,,0.06202504553720742,2653844.0,,,3086,66445.466637036,1787999500.6583586,0.8319234666666667,,0.0003,,,x5j56e71,ethereal-sweep-5,d5_full_soft_noPred
,0.002993652131408453,30000,,,0.03919049714262558,2668540.0,,,3104,66812.89147508,1787999868.0918765,0.83099272,,0.0003,,,x5j56e71,ethereal-sweep-5,d5_full_soft_noPred
,0.00726741086691618,30000,,,0.07683211843434033,2687908.0,,,3125,67294.016347546,1788000349.2105997,0.8297660800000001,,0.0003,,,x5j56e71,ethereal-sweep-5,d5_full_soft_noPred
,0.0025990004651248455,30000,,,0.04655100158363648,2744284.0,,,3190,68703.788280194,1788001758.9448671,0.8261956,,0.0003,,,x5j56e71,ethereal-sweep-5,d5_full_soft_noPred
,0.0033747325651347637,30000,,,0.05136103090089495,2750988.0,,,3199,68871.573609639,1788001926.7755036,0.8257710133333334,,0.0003,,,x5j56e71,ethereal-sweep-5,d5_full_soft_noPred
,0.0024748453870415688,30000,,,0.043087278672907764,2755704.0,,,3205,68989.060898189,1788002044.2636833,0.8254723333333334,,0.0003,,,x5j56e71,ethereal-sweep-5,d5_full_soft_noPred
,0.004348081536591053,30000,,,0.07019454036525984,2797956.0,,,3253,70042.091619285,1788003097.298951,0.8227963733333333,,0.0003,,,x5j56e71,ethereal-sweep-5,d5_full_soft_noPred
,0.0022726464085280895,30000,,,0.03773081547613094,2804644.0,,,3260,70209.297883285,1788003264.5020192,0.8223728,,0.0003,,,x5j56e71,ethereal-sweep-5,d5_full_soft_noPred
,0.002997532021254301,30000,,,0.04815569185937403,2830936.0,,,3291,70866.099028653,1788003921.312688,0.82070764,,0.0003,,,x5j56e71,ethereal-sweep-5,d5_full_soft_noPred
,0.003810410387814045,30000,,,0.05464148553736837,2839392.0,,,3300,71076.626845089,1788004131.8298388,0.8201720933333334,,0.0003,,,x5j56e71,ethereal-sweep-5,d5_full_soft_noPred
,0.004761272110044956,30000,,,0.08224418849726078,2840300.0,,,3302,71099.909223769,1788004155.1098034,0.8201145866666667,,0.0003,,,x5j56e71,ethereal-sweep-5,d5_full_soft_noPred
,0.004068811424076557,30000,,,0.07176119671652828,2843904.0,,,3306,71189.520691418,1788004244.7330008,0.8198863333333334,,0.0003,,,x5j56e71,ethereal-sweep-5,d5_full_soft_noPred
,0.004020118620246649,30000,,,0.0704960245979406,2887056.0,,,3355,72269.498921856,1788005324.69203,0.8171533733333334,,0.0003,,,x5j56e71,ethereal-sweep-5,d5_full_soft_noPred
,0.003431681776419282,30000,,,0.06932636477611995,2915040.0,,,3387,72972.15527929,1788006027.3471403,0.8153810533333333,,0.0003,,,x5j56e71,ethereal-sweep-5,d5_full_soft_noPred
,0.004372194409370422,30000,,,0.06411411994012875,2924712.0,,,3397,73213.88721914,1788006269.0886695,0.8147684933333333,,0.0003,,,x5j56e71,ethereal-sweep-5,d5_full_soft_noPred
,0.002620029728859663,30000,,,0.04758908653687706,2925820.0,,,3400,73241.494578663,1788006296.6965075,0.8146983200000001,,0.0003,,,x5j56e71,ethereal-sweep-5,d5_full_soft_noPred
,0.003291272558271885,30000,,,0.04766313169112467,2947036.0,,,3425,73771.289518998,1788006826.4707751,0.81335464,,0.0003,,,x5j56e71,ethereal-sweep-5,d5_full_soft_noPred
,0.004047339782118797,30000,,,0.09360675678593593,2949544.0,,,3427,73833.818550254,1788006889.0210853,0.8131958,,0.0003,,,x5j56e71,ethereal-sweep-5,d5_full_soft_noPred
,0.006285506300628185,30000,,,0.07475910324252408,2950340.0,,,3428,73853.527082171,1788006908.7306225,0.8131453866666667,,0.0003,,,x5j56e71,ethereal-sweep-5,d5_full_soft_noPred
,0.0032252955716103315,30000,,,0.04666926051338488,2976172.0,,,3458,74500.550326408,1788007555.7522068,0.81150936,,0.0003,,,x5j56e71,ethereal-sweep-5,d5_full_soft_noPred
,0.003747362643480301,30000,,,0.06056910997272227,2986864.0,,,3471,74769.65879818,1788007824.8519506,0.8108322,,0.0003,,,x5j56e71,ethereal-sweep-5,d5_full_soft_noPred
,0.00453149015083909,30000,,,0.06595523875302171,2988740.0,,,3474,74816.457885226,1788007871.6608474,0.8107133866666667,,0.0003,,,x5j56e71,ethereal-sweep-5,d5_full_soft_noPred
,0.0037779822014272213,30000,,,0.05376335059117647,2991948.0,,,3478,74897.010134808,1788007952.248831,0.8105102133333334,,0.0003,,,x5j56e71,ethereal-sweep-5,d5_full_soft_noPred
,0.0023668494541198015,30000,,,0.04120582540722414,3013164.0,,,3502,75429.890061547,1788008485.0843136,0.8091665333333333,,0.0003,,,x5j56e71,ethereal-sweep-5,d5_full_soft_noPred
,0.0031629083678126335,30000,,,0.05117578742648018,3036860.0,,,3529,76022.755199318,1788009077.9565783,0.8076657866666667,,0.0003,,,x5j56e71,ethereal-sweep-5,d5_full_soft_noPred
,0.004507760517299175,30000,,,0.08011864847437049,3051712.0,,,3547,76395.805775876,1788009451.008685,0.8067251599999999,,0.0003,,,x5j56e71,ethereal-sweep-5,d5_full_soft_noPred
,0.0023236898705363274,30000,,,0.03467817566871939,3057392.0,,,3552,76538.567604273,1788009593.7765975,0.8063654266666667,,0.0003,,,x5j56e71,ethereal-sweep-5,d5_full_soft_noPred
,0.0033486837055534124,30000,,,0.04583684784175334,3080684.0,,,3581,77125.746612545,1788010180.940997,0.8048902666666666,,0.0003,,,x5j56e71,ethereal-sweep-5,d5_full_soft_noPred
,0.003112899139523506,30000,,,0.05148679632428249,3097152.0,,,3598,77539.257307496,1788010594.4637625,0.8038472933333333,,0.0003,,,x5j56e71,ethereal-sweep-5,d5_full_soft_noPred
,0.003624154254794121,30000,,,0.051450746226411055,3097816.0,,,3601,77556.051888249,1788010611.2528338,0.8038052400000001,,0.0003,,,x5j56e71,ethereal-sweep-5,d5_full_soft_noPred
,0.003237568773329258,30000,,,0.05282936536971906,3101912.0,,,3605,77659.001842729,1788010714.2156405,0.8035458266666666,,0.0003,,,x5j56e71,ethereal-sweep-5,d5_full_soft_noPred
,0.004287234507501125,30000,,,0.06929700819375402,3127176.0,,,3634,78295.143746359,1788011350.2974243,0.8019457733333334,,0.0003,,,x5j56e71,ethereal-sweep-5,d5_full_soft_noPred
,0.0038508628495037556,30000,,,0.06500327833910523,3128628.0,,,3636,78330.862751719,1788011386.0587728,0.8018538133333334,,0.0003,,,x5j56e71,ethereal-sweep-5,d5_full_soft_noPred
,0.0038863932713866234,30000,,,0.061794849431047474,3146888.0,,,3657,78789.962195902,1788011845.2047493,0.8006973466666667,,0.0003,,,x5j56e71,ethereal-sweep-5,d5_full_soft_noPred
,0.005214907228946686,30000,,,0.08059965842263864,3159228.0,,,3672,79101.834076274,1788012157.0361538,0.7999158133333333,,0.0003,,,x5j56e71,ethereal-sweep-5,d5_full_soft_noPred
,0.0033252190332859755,30000,,,0.048675273862652656,3166284.0,,,3680,79279.608388333,1788012334.8098712,0.7994689333333334,,0.0003,,,x5j56e71,ethereal-sweep-5,d5_full_soft_noPred
,0.00452433992177248,30000,,,0.079548730288318,3202340.0,,,3722,80178.21855782,1788013233.4189446,0.7971853866666667,,0.0003,,,x5j56e71,ethereal-sweep-5,d5_full_soft_noPred
,0.0028581605292856693,30000,,,0.06414572437390743,3209876.0,,,3731,80364.813082794,1788013420.02059,0.7967081066666667,,0.0003,,,x5j56e71,ethereal-sweep-5,d5_full_soft_noPred
,0.001556637929752469,30000,,,0.022784527802549158,3225504.0,,,3749,80754.007738813,1788013809.2025669,0.7957183333333334,,0.0003,,,x5j56e71,ethereal-sweep-5,d5_full_soft_noPred
,0.0024923295713961124,30000,,,0.03681412997585654,3228716.0,,,3753,80834.785231451,1788013889.98833,0.7955149066666666,,0.0003,,,x5j56e71,ethereal-sweep-5,d5_full_soft_noPred
,0.003974646329879761,30000,,,0.07051864456293927,3231040.0,,,3756,80892.280483065,1788013947.4970882,0.79536772,,0.0003,,,x5j56e71,ethereal-sweep-5,d5_full_soft_noPred
,0.00350173213519156,30000,,,0.04990951083676148,3258420.0,,,3787,81576.867758011,1788014632.0645628,0.7936336533333334,,0.0003,,,x5j56e71,ethereal-sweep-5,d5_full_soft_noPred
,0.005983905866742134,30000,,,0.10339752230290103,3262732.0,,,3792,81684.275061511,1788014739.4771383,0.79336056,,0.0003,,,x5j56e71,ethereal-sweep-5,d5_full_soft_noPred
,0.006090724375098944,30000,,,0.10123270085691385,3263760.0,,,3793,81710.614033048,1788014765.8170476,0.7932954533333333,,0.0003,,,x5j56e71,ethereal-sweep-5,d5_full_soft_noPred
,0.004034837707877159,30000,,,0.07921606402816006,3267272.0,,,3798,81798.59002434,1788014853.7502716,0.7930730266666667,,0.0003,,,x5j56e71,ethereal-sweep-5,d5_full_soft_noPred
,0.0043724412098526955,30000,,,0.06932254120165987,3284076.0,,,3818,82221.111950861,1788015276.2573252,0.7920087733333333,,0.0003,,,x5j56e71,ethereal-sweep-5,d5_full_soft_noPred
,0.003736617974936962,30000,,,0.06395180375759792,3292384.0,,,3827,82430.152125258,1788015485.3486595,0.7914826,,0.0003,,,x5j56e71,ethereal-sweep-5,d5_full_soft_noPred
,0.004473601933568716,30000,,,0.07254741188271996,3297396.0,,,3833,82555.731131638,1788015610.9361537,0.7911651733333334,,0.0003,,,x5j56e71,ethereal-sweep-5,d5_full_soft_noPred
,0.004494541324675083,30000,,,0.0685526290521466,3311088.0,,,3849,82898.06959905,1788015953.2602184,0.7902980133333333,,0.0003,,,x5j56e71,ethereal-sweep-5,d5_full_soft_noPred
,0.004036499187350273,30000,,,0.07577194442975603,3313016.0,,,3850,82946.348325059,1788016001.5276508,0.7901759066666667,,0.0003,,,x5j56e71,ethereal-sweep-5,d5_full_soft_noPred
,0.0029994535725563765,30000,,,0.09666928338160062,3317284.0,,,3855,83052.361626224,1788016107.56412,0.7899056,,0.0003,,,x5j56e71,ethereal-sweep-5,d5_full_soft_noPred
,0.004666736349463463,30000,,,0.08679493024529675,3332532.0,,,3873,83431.831911882,1788016487.034961,0.7889398933333334,,0.0003,,,x5j56e71,ethereal-sweep-5,d5_full_soft_noPred
,0.003574912901967764,30000,,,0.06387950365129606,3345616.0,,,3888,83757.726424403,1788016812.9280999,0.78811124,,0.0003,,,x5j56e71,ethereal-sweep-5,d5_full_soft_noPred
,0.004686312284320593,30000,,,0.06838789590121268,3351476.0,,,3895,83902.74988899,1788016957.9451268,0.7877401066666666,,0.0003,,,x5j56e71,ethereal-sweep-5,d5_full_soft_noPred
,0.002732669934630394,30000,,,0.042423873056232325,3367300.0,,,3912,84298.975109153,1788017354.1754901,0.78673792,,0.0003,,,x5j56e71,ethereal-sweep-5,d5_full_soft_noPred
,0.0038286042399704456,30000,,,0.06955145854989697,3380524.0,,,3928,84630.011117173,1788017685.227253,0.7859003999999999,,0.0003,,,x5j56e71,ethereal-sweep-5,d5_full_soft_noPred
,0.004013121593743563,30000,,,0.06804147194374087,3381696.0,,,3930,84658.988296868,1788017714.1936526,0.7858261733333334,,0.0003,,,x5j56e71,ethereal-sweep-5,d5_full_soft_noPred
,0.0027776029892265797,30000,,,0.04607642169864411,3459456.0,,,4021,86607.853298469,1788019663.0539098,0.7809013733333333,,0.0003,,,x5j56e71,ethereal-sweep-5,d5_full_soft_noPred
,0.005342758260667324,30000,,,0.07676653557007189,3509692.0,,,4078,87864.791193074,1788020919.986493,0.77771976,,0.0003,,,x5j56e71,ethereal-sweep-5,d5_full_soft_noPred
,0.006046283524483442,30000,,,0.09856340368173394,3510820.0,,,4079,87893.611161081,1788020948.812422,0.7776483200000001,,0.0003,,,x5j56e71,ethereal-sweep-5,d5_full_soft_noPred
,0.004492523148655891,30000,,,0.057824085565932264,3528700.0,,,4101,88342.107637427,1788021397.2989593,0.77651592,,0.0003,,,x5j56e71,ethereal-sweep-5,d5_full_soft_noPred
,0.003889048006385565,30000,,,0.07858810716552021,3536720.0,,,4109,88541.189650326,1788021596.3933163,0.7760079866666667,,0.0003,,,x5j56e71,ethereal-sweep-5,d5_full_soft_noPred
,0.004952522460371256,30000,,,0.061520661799608016,3562604.0,,,4139,89137.18159277,1788022192.412125,0.7743686666666667,,0.0003,,,x5j56e71,ethereal-sweep-5,d5_full_soft_noPred
,0.0032067899592220783,30000,,,0.06715909973795149,3567200.0,,,4146,89237.192825809,1788022292.405218,0.7740775866666667,,0.0003,,,x5j56e71,ethereal-sweep-5,d5_full_soft_noPred
,0.004298399202525616,30000,,,0.06250359960715318,3609368.0,,,4194,90154.460149703,1788023209.6733162,0.7714069466666666,,0.0003,,,x5j56e71,ethereal-sweep-5,d5_full_soft_noPred
,0.00433146208524704,30000,,,0.0748671331828973,3613204.0,,,4198,90237.933016651,1788023293.1458507,0.7711640000000001,,0.0003,,,x5j56e71,ethereal-sweep-5,d5_full_soft_noPred
