{
  "(25, 0.25)": {
    "down to up": [],
    "up to down": [],
    "up": [],
    "down": []
  },
  "(25, 0.5)": {
    "down to up": [],
    "up to down": [
      6.3114728927612305,
      6.512895822525024,
      5.796554088592529,
      13.804916858673096,
      8.108378410339355,
      11.095162153244019,
      6.503858327865601,
      6.514777183532715,
      5.509512662887573,
      5.7048563957214355,
      5.306401252746582,
      4.1051061153411865
    ],
    "up": [
      14.282191753387451,
      2.7692205905914307,
      6.873905897140503,
      10.28270435333252,
      1.0703213214874268,
      1.2700774669647217,
      1.1707775592803955,
      21.685415506362915,
      12.070664882659912,
      5.072017669677734,
      20.682115077972412,
      12.376705169677734,
      4.073757171630859
    ],
    "down": []
  },
  "(25, 0.75)": {
    "down to up": [],
    "up to down": [],
    "up": [],
    "down": []
  },
  "(25, 1.0)": {
    "down to up": [],
    "up to down": [],
    "up": [],
    "down": []
  },
  "(50, 0.25)": {
    "down to up": [
      21.434478521347046
    ],
    "up to down": [
      6.406179428100586,
      8.19588828086853,
      19.206400871276855,
      3.9054770469665527
    ],
    "up": [
      9.178584814071655,
      6.576935052871704,
      7.079616069793701,
      17.077515363693237
    ],
    "down": []
  },
  "(50, 0.5)": {
    "down to up": [],
    "up to down": [],
    "up": [],
    "down": []
  },
  "(50, 0.75)": {
    "down to up": [],
    "up to down": [],
    "up": [],
    "down": []
  },
  "(50, 1.0)": {
    "down to up": [],
    "up to down": [
      4.307109355926514,
      2.799281358718872,
      1.7911157608032227
    ],
    "up": [
      17.474935054779053,
      22.582213401794434,
      10.97560977935791
    ],
    "down": []
  },
  "(75, 0.25)": {
    "down to up": [],
    "up to down": [
      2.984267234802246,
      5.206256151199341
    ],
    "up": [
      8.482886552810669,
      17.475043296813965
    ],
    "down": []
  },
  "(75, 0.5)": {
    "down to up": [],
    "up to down": [
      4.805187225341797,
      5.003856658935547,
      3.60235857963562,
      12.309982061386108,
      3.706907272338867,
      5.79907488822937,
      6.00750732421875
    ],
    "up": [
      15.6790292263031,
      20.076646327972412,
      13.46778678894043,
      7.179050922393799,
      9.978168725967407,
      4.46986198425293,
      5.872071266174316,
      6.97246527671814,
      1.2680473327636719,
      5.67095947265625
    ],
    "down": []
  },
  "(75, 0.75)": {
    "down to up": [],
    "up to down": [],
    "up": [],
    "down": []
  },
  "(75, 1.0)": {
    "down to up": [],
    "up to down": [],
    "up": [],
    "down": []
  },
  "(100, 0.25)": {
    "down to up": [],
    "up to down": [],
    "up": [],
    "down": []
  },
  "(100, 0.5)": {
    "down to up": [],
    "up to down": [],
    "up": [],
    "down": []
  },
  "(100, 0.75)": {
    "down to up": [],
    "up to down": [],
    "up": [],
    "down": []
  },
  "(100, 1.0)": {
    "down to up": [
      11.301113843917847,
      20.232146739959717,
      18.509353637695312,
      10.420044660568237
    ],
    "up to down": [
      24.813095092773438,
      4.505987644195557,
      1.8020415306091309,
      4.496944189071655,
      16.614725589752197,
      6.2052552700042725,
      20.01805830001831,
      7.811176776885986
    ],
    "up": [
      8.573129892349243,
      1.2684757709503174,
      1.5677282810211182,
      6.371933460235596,
      6.450376272201538,
      18.974901914596558,
      1.4709863662719727
    ],
    "down": [
      23.88251543045044,
      3.773144006729126
    ]
  }
}